sorteio,ano,mes,n1,n2,n3,n4,n5,n6,data
14-29-30-46-48-51,1998,1,14,29,30,46,48,51,1998-01-02
4-10-17-24-30-54,2003,1,4,10,17,24,30,54,2003-01-02
27-29-43-44-45-54,2006,1,27,29,43,44,45,54,2006-01-02
6-10-12-17-28-53,2012,1,6,10,12,17,28,53,2012-01-02
15-18-24-42-46-56,2014,1,15,18,24,42,46,56,2014-01-02
1-4-13-21-38-52,1998,1,1,4,13,21,38,52,1998-01-03
6-15-23-31-37-59,2003,1,6,15,23,31,37,59,2003-01-03
2-7-17-34-41-50,2006,1,2,7,17,34,41,50,2006-01-03
22-41-44-46-52-54,2008,1,22,41,44,46,52,54,2008-01-03
2-7-13-29-38-43,2012,1,2,7,13,29,38,43,2012-01-03
3-6-30-37-53-56,2014,1,3,6,30,37,53,56,2014-01-03
1-5-6-27-42-59,1996,1,1,5,6,27,42,59,1996-01-04
3-9-23-30-32-35,2000,1,3,9,23,30,32,35,2000-01-04
4-7-20-25-38-50,2006,1,4,7,20,25,38,50,2006-01-04
9-21-23-30-41-56,2009,1,9,21,23,30,41,56,2009-01-04
1-10-24-39-45-58,2015,1,1,10,24,39,45,58,2015-01-04
10-19-23-35-39-56,1999,1,10,19,23,35,39,56,1999-01-05
6-13-17-25-36-53,2004,1,6,13,17,25,36,53,2004-01-05
1-5-20-25-32-34,1997,1,1,5,20,25,32,34,1997-01-06
4-6-7-15-21-51,2002,1,4,6,7,15,21,51,2002-01-06
7-24-27-40-41-49,2005,1,7,24,27,40,41,49,2005-01-06
17-30-32-40-42-56,2011,1,17,30,32,40,42,56,2011-01-06
8-22-26-33-37-54,2013,1,8,22,26,33,37,54,2013-01-06
4-9-21-34-54-59,2016,1,4,9,21,34,54,59,2016-01-06
6-10-13-19-20-51,1996,1,6,10,13,19,20,51,1996-01-07
1-2-38-49-50-59,2000,1,1,2,38,49,50,59,2000-01-07
2-14-23-28-50-56,2006,1,2,14,23,28,50,56,2006-01-07
3-20-28-32-36-46,2009,1,3,20,28,32,36,46,2009-01-07
4-30-31-32-47-53,2015,1,4,30,31,32,47,53,2015-01-07
6-10-11-28-32-40,1998,1,6,10,11,28,32,40,1998-01-08
25-28-34-42-48-54,2001,1,25,28,34,42,48,54,2001-01-08
20-24-34-39-54-60,2007,1,20,24,34,39,54,60,2007-01-08
3-13-14-16-41-52,2009,1,3,13,14,16,41,52,2009-01-08
8-12-32-44-46-48,2012,1,8,12,32,44,46,48,2012-01-08
3-8-28-39-42-59,2015,1,3,8,28,39,42,59,2015-01-08
10-22-50-53-57-58,1996,1,10,22,50,53,57,58,1996-01-09
13-23-24-34-45-53,2001,1,13,23,24,34,45,53,2001-01-09
10-13-29-47-53-55,2004,1,10,13,29,47,53,55,2004-01-09
3-4-8-30-45-54,2007,1,3,4,8,30,45,54,2007-01-09
3-7-9-10-31-34,2010,1,3,7,9,10,31,34,2010-01-09
19-31-39-44-53-59,2012,1,19,31,39,44,53,59,2012-01-09
16-27-28-34-39-56,2003,1,16,27,28,34,39,56,2003-01-10
2-11-24-27-30-45,2005,1,2,11,24,27,30,45,2005-01-10
1-6-12-29-34-58,2008,1,1,6,12,29,34,58,2008-01-10
18-29-31-44-51-57,2011,1,18,29,31,44,51,57,2011-01-10
2-6-18-23-31-46,2014,1,2,6,18,23,31,46,2014-01-10
1-4-30-41-45-58,2003,1,1,4,30,41,45,58,2003-01-11
11-13-38-39-54-57,2006,1,11,13,38,39,54,57,2006-01-11
9-24-44-51-55-58,2008,1,9,24,44,51,55,58,2008-01-11
2-21-30-35-45-50,2013,1,2,21,30,35,45,50,2013-01-11
24-33-38-42-44-54,2014,1,24,33,38,42,44,54,2014-01-11
12-16-37-45-52-56,1996,1,12,16,37,45,52,56,1996-01-12
3-19-20-31-40-53,2001,1,3,19,20,31,40,53,2001-01-12
1-3-13-22-29-32,2004,1,1,3,13,22,29,32,2004-01-12
2-20-21-27-51-60,2007,1,2,20,21,27,51,60,2007-01-12
3-8-17-20-38-53,2010,1,3,8,17,20,38,53,2010-01-12
1-19-28-33-39-41,2012,1,1,19,28,33,39,41,2012-01-12
9-37-40-50-58-60,2010,2,9,37,40,50,58,60,2010-02-01
6-8-14-26-36-40,2013,2,6,8,14,26,36,40,2013-02-01
23-26-28-54-55-60,2014,2,23,26,28,54,55,60,2014-02-01
10-11-14-19-39-48,2016,2,10,11,14,19,39,48,2016-02-01
2-5-28-34-47-50,1997,2,2,5,28,34,47,50,1997-02-02
14-23-24-26-41-51,2002,2,14,23,24,26,41,51,2002-02-02
26-28-30-32-34-50,2005,2,26,28,30,32,34,50,2005-02-02
5-25-31-33-37-51,2008,2,5,25,31,33,37,51,2008-02-02
7-9-14-18-29-39,2011,2,7,9,14,18,29,39,2011-02-02
6-11-16-26-44-53,2013,2,6,11,16,26,44,53,2013-02-02
2-6-8-21-25-34,2016,2,2,6,8,21,25,34,2016-02-02
15-30-38-46-58-59,1997,2,15,30,38,46,58,59,1997-02-03
5-16-22-23-43-56,2002,2,5,16,22,23,43,56,2002-02-03
14-24-37-40-42-45,2005,2,14,24,37,40,42,45,2005-02-03
5-7-8-9-11-39,2011,2,5,7,8,9,11,39,2011-02-03
2-12-33-57-58-60,2013,2,2,12,33,57,58,60,2013-02-03
30-42-47-50-55-58,2016,2,30,42,47,50,55,58,2016-02-03
1-9-13-50-51-59,2003,2,1,9,13,50,51,59,2003-02-04
10-18-20-24-56-57,2005,2,10,18,20,24,56,57,2005-02-04
24-25-32-34-50-57,2008,2,24,25,32,34,50,57,2008-02-04
1-2-39-48-52-59,2011,2,1,2,39,48,52,59,2011-02-04
8-19-21-30-52-56,2014,2,8,19,21,30,52,56,2014-02-04
17-22-27-31-49-57,2016,2,17,22,27,31,49,57,2016-02-04
7-26-28-34-54-55,1998,2,7,26,28,34,54,55,1998-02-05
15-24-32-50-53-57,2007,2,15,24,32,50,53,57,2007-02-05
5-8-16-23-41-53,2009,2,5,8,16,23,41,53,2009-02-05
27-35-36-37-42-59,2012,2,27,35,36,37,42,59,2012-02-05
1-3-31-32-43-52,2013,2,1,3,31,32,43,52,2013-02-05
15-18-41-48-50-58,2015,2,15,18,41,48,50,58,2015-02-05
11-13-18-26-39-47,2001,2,11,13,18,26,39,47,2001-02-06
13-17-22-25-29-41,2004,2,13,17,22,25,29,41,2004-02-06
5-18-31-43-55-58,2007,2,5,18,31,43,55,58,2007-02-06
4-9-23-27-28-30,2010,2,4,9,23,27,28,30,2010-02-06
11-16-24-35-46-50,2012,2,11,16,24,35,46,50,2012-02-06
17-20-38-43-55-58,2003,2,17,20,38,43,55,58,2003-02-07
14-31-40-42-44-46,2005,2,14,31,40,42,44,46,2005-02-07
16-22-32-38-40-45,2008,2,16,22,32,38,40,45,2008-02-07
2-5-11-13-56-59,2011,2,2,5,11,13,56,59,2011-02-07
4-18-31-44-46-49,2014,2,4,18,31,44,46,49,2014-02-07
2-3-7-16-27-42,2016,2,2,3,7,16,27,42,2016-02-07
19-28-30-38-52-57,2003,2,19,28,30,38,52,57,2003-02-08
10-11-26-27-31-41,2006,2,10,11,26,27,31,41,2006-02-08
1-4-6-8-25-28,2008,2,1,4,6,8,25,28,2008-02-08
4-5-7-21-45-53,2014,2,4,5,7,21,45,53,2014-02-08
2-22-29-31-41-55,2000,2,2,22,29,31,41,55,2000-02-09
14-21-26-29-36-48,2006,2,14,21,26,29,36,48,2006-02-09
1-15-28-43-50-57,2009,2,1,15,28,43,50,57,2009-02-09
12-28-37-46-48-53,2015,2,12,28,37,46,48,53,2015-02-09
6-36-41-44-48-58,1999,2,6,36,41,44,48,58,1999-02-10
11-18-43-44-50-53,2002,2,11,18,43,44,50,53,2002-02-10
4-8-11-12-29-44,2004,2,4,8,11,12,29,44,2004-02-10
2-33-34-37-41-53,2010,2,2,33,34,37,41,53,2010-02-10
8-9-25-41-54-55,2013,2,8,9,25,41,54,55,2013-02-10
4-5-11-28-32-40,1997,2,4,5,11,28,32,40,1997-02-11
8-24-31-36-38-55,2002,2,8,24,31,36,38,55,2002-02-11
16-32-34-35-41-56,2000,2,16,32,34,35,41,56,2000-02-12
4-29-33-36-38-42,2006,2,4,29,33,36,38,42,2006-02-12
1-8-16-34-36-49,2009,2,1,8,16,34,36,49,2009-02-12
22-23-41-46-53-60,2015,2,22,23,41,46,53,60,2015-02-12
3-21-31-36-55-59,2004,3,3,21,31,36,55,59,2004-03-01
2-13-41-49-51-53,2007,3,2,13,41,49,51,53,2007-03-01
10-27-36-39-41-52,2009,3,10,27,36,39,41,52,2009-03-01
1-2-23-27-45-51,2015,3,1,2,23,27,45,51,2015-03-01
1-4-5-19-28-34,2001,3,1,4,5,19,28,34,2001-03-02
7-8-11-18-37-43,2007,3,7,8,11,18,37,43,2007-03-02
15-17-28-31-35-52,2010,3,15,17,28,31,35,52,2010-03-02
5-16-20-30-54-56,2001,3,5,16,20,30,54,56,2001-03-03
4-6-19-28-35-49,2004,3,4,6,19,28,35,49,2004-03-03
2-3-44-47-50-54,2007,3,2,3,44,47,50,54,2007-03-03
23-30-31-54-55-60,2010,3,23,30,31,54,55,60,2010-03-03
10-21-26-29-32-38,2012,3,10,21,26,29,32,38,2012-03-03
6-25-30-37-39-41,1999,3,6,25,30,37,39,41,1999-03-04
10-15-23-30-43-57,2002,3,10,15,23,30,43,57,2002-03-04
12-21-46-48-56-57,2004,3,12,21,46,48,56,57,2004-03-04
20-28-43-51-52-56,2010,3,20,28,43,51,52,56,2010-03-04
6-9-11-34-41-53,2013,3,6,9,11,34,41,53,2013-03-04
8-15-17-39-43-49,2003,3,8,15,17,39,43,49,2003-03-05
12-17-44-45-46-60,2006,3,12,17,44,45,46,60,2006-03-05
1-4-26-28-41-58,2008,3,1,4,26,28,41,58,2008-03-05
1-5-7-10-12-45,2014,3,1,5,7,10,12,45,2014-03-05
9-11-27-46-51-53,2016,3,9,11,27,46,51,53,2016-03-05
18-32-47-50-54-56,1996,3,18,32,47,50,54,56,1996-03-06
5-19-30-48-52-55,2000,3,5,19,30,48,52,55,2000-03-06
12-16-20-21-29-50,2006,3,12,16,20,21,29,50,2006-03-06
5-12-24-28-36-37,2009,3,5,12,24,28,36,37,2009-03-06
7-21-28-56-58-59,2015,3,7,21,28,56,58,59,2015-03-06
11-22-23-36-52-59,1999,3,11,22,23,36,52,59,1999-03-07
1-5-9-42-51-58,2002,3,1,5,9,42,51,58,2002-03-07
8-23-24-28-31-47,2004,3,8,23,24,28,31,47,2004-03-07
2-9-12-14-32-54,2010,3,2,9,12,14,32,54,2010-03-07
17-18-30-35-39-58,2013,3,17,18,30,35,39,58,2013-03-07
2-24-34-37-38-50,1997,3,2,24,34,37,38,50,1997-03-08
24-28-40-47-50-52,2002,3,24,28,40,47,50,52,2002-03-08
1-7-14-41-48-59,2005,3,1,7,14,41,48,59,2005-03-08
6-19-22-34-43-45,2011,3,6,19,22,34,43,45,2011-03-08
7-17-38-45-52-56,2013,3,7,17,38,45,52,56,2013-03-08
8-26-28-33-41-54,2016,3,8,26,28,33,41,54,2016-03-08
18-20-28-32-49-53,2003,3,18,20,28,32,49,53,2003-03-09
9-16-34-37-53-57,2005,3,9,16,34,37,53,57,2005-03-09
12-15-27-37-51-60,2008,3,12,15,27,37,51,60,2008-03-09
8-13-25-34-42-48,2011,3,8,13,25,34,42,48,2011-03-09
6-18-24-27-56-59,2014,3,6,18,24,27,56,59,2014-03-09
1-2-34-39-41-45,2016,3,1,2,34,39,41,45,2016-03-09
21-22-35-40-53-59,1998,3,21,22,35,40,53,59,1998-03-10
9-26-48-49-57-58,2001,3,9,26,48,49,57,58,2001-03-10
9-36-37-41-51-53,2007,3,9,36,37,41,51,53,2007-03-10
3-15-16-22-25-54,2009,3,3,15,16,22,25,54,2009-03-10
2-19-22-30-46-52,2012,3,2,19,22,30,46,52,2012-03-10
6-33-34-48-53-59,2015,3,6,33,34,48,53,59,2015-03-10
4-16-21-23-54-57,1996,3,4,16,21,23,54,57,1996-03-11
2-14-28-29-31-32,2001,3,2,14,28,29,31,32,2001-03-11
15-18-33-50-53-55,2004,3,15,18,33,50,53,55,2004-03-11
5-28-33-36-37-38,2007,3,5,28,33,36,37,38,2007-03-11
10-23-36-50-52-60,2010,3,10,23,36,50,52,60,2010-03-11
25-26-28-33-42-51,2011,3,25,26,28,33,42,51,2011-03-11
2-34-35-42-43-55,2012,3,2,34,35,42,43,55,2012-03-11
9-15-19-22-36-42,2003,3,9,15,19,22,36,42,2003-03-12
3-32-37-39-47-53,2005,3,3,32,37,39,47,53,2005-03-12
18-20-33-44-47-60,2008,3,18,20,33,44,47,60,2008-03-12
5-7-42-46-50-60,2011,3,5,7,42,46,50,60,2011-03-12
7-11-19-23-40-49,2014,3,7,11,19,23,40,49,2014-03-12
4-7-26-40-42-58,1998,4,4,7,26,40,42,58,1998-04-01
7-30-32-37-50-54,2003,4,7,30,32,37,50,54,2003-04-01
1-5-7-37-40-47,2006,4,1,5,7,37,40,47,2006-04-01
13-33-36-41-50-56,2012,4,13,33,36,41,50,56,2012-04-01
10-12-23-37-47-51,2014,4,10,12,23,37,47,51,2014-04-01
6-14-28-47-49-56,2004,4,6,14,28,47,49,56,2004-04-02
9-15-38-40-42-52,2006,4,9,15,38,40,42,52,2006-04-02
1-5-6-17-31-50,2009,4,1,5,6,17,31,50,2009-04-02
2-16-17-25-50-54,2012,4,2,16,17,25,50,54,2012-04-02
3-18-34-35-36-56,2015,4,3,18,34,35,36,56,2015-04-02
1-5-13-25-26-29,2016,4,1,5,13,25,26,29,2016-04-02
13-21-26-32-41-52,2000,4,13,21,26,32,41,52,2000-04-03
20-23-25-32-54-60,2006,4,20,23,25,32,54,60,2006-04-03
15-27-34-42-49-53,2009,4,15,27,34,42,49,53,2009-04-03
4-12-32-33-34-48,2015,4,4,12,32,33,34,48,2015-04-03
1-13-44-48-49-54,1998,4,1,13,44,48,49,54,1998-04-04
3-24-31-42-43-53,2007,4,3,24,31,42,43,53,2007-04-04
2-8-23-33-37-55,2009,4,2,8,23,33,37,55,2009-04-04
2-5-12-13-25-35,2012,4,2,5,12,13,25,35,2012-04-04
11-13-14-27-44-56,2015,4,11,13,14,27,44,56,2015-04-04
8-18-29-42-44-59,1997,4,8,18,29,42,44,59,1997-04-05
12-17-21-32-40-42,2002,4,12,17,21,32,40,42,2002-04-05
4-27-36-40-42-55,2005,4,4,27,36,40,42,55,2005-04-05
6-10-16-20-29-54,2011,4,6,10,16,20,29,54,2011-04-05
6-26-45-50-56-60,2013,4,6,26,45,50,56,60,2013-04-05
5-6-23-25-39-51,2003,4,5,6,23,25,39,51,2003-04-06
22-37-42-48-58-59,2005,4,22,37,42,48,58,59,2005-04-06
9-30-33-37-40-41,2008,4,9,30,33,37,40,41,2008-04-06
1-3-8-13-27-52,2011,4,1,3,8,13,27,52,2011-04-06
9-19-21-30-31-42,2014,4,9,19,21,30,31,42,2014-04-06
5-6-12-19-30-60,2016,4,5,6,12,19,30,60,2016-04-06
11-17-20-39-43-53,1998,4,11,17,20,39,43,53,1998-04-07
4-18-24-43-51-56,2007,4,4,18,24,43,51,56,2007-04-07
6-24-31-35-42-57,2009,4,6,24,31,35,42,57,2009-04-07
13-16-20-26-39-42,2012,4,13,16,20,26,39,42,2012-04-07
1-22-31-34-44-54,2015,4,1,22,31,34,44,54,2015-04-07
7-8-14-30-32-36,2001,4,7,8,14,30,32,36,2001-04-08
11-13-38-39-45-54,2004,4,11,13,38,39,45,54,2004-04-08
7-9-17-21-22-54,2007,4,7,9,17,21,22,54,2007-04-08
8-9-11-48-53-60,2010,4,8,9,11,48,53,60,2010-04-08
6-8-24-37-41-45,2012,4,6,8,24,37,41,45,2012-04-08
7-14-23-43-44-53,2015,4,7,14,23,43,44,53,2015-04-08
2-7-11-16-40-44,1999,4,2,7,11,16,40,44,1999-04-09
6-12-35-36-40-50,2002,4,6,12,35,36,40,50,2002-04-09
1-2-25-43-50-54,2004,4,1,2,25,43,50,54,2004-04-09
3-15-31-36-48-54,2010,4,3,15,31,36,48,54,2010-04-09
16-32-36-42-44-48,2013,4,16,32,36,42,44,48,2013-04-09
7-13-21-24-33-50,2003,4,7,13,21,24,33,50,2003-04-10
3-13-37-47-56-59,2006,4,3,13,37,47,56,59,2006-04-10
2-3-13-37-46-54,2008,4,2,3,13,37,46,54,2008-04-10
23-29-30-33-46-51,2014,4,23,29,30,33,46,51,2014-04-10
19-24-33-47-50-60,2000,4,19,24,33,47,50,60,2000-04-11
9-15-23-45-46-56,2006,4,9,15,23,45,46,56,2006-04-11
4-14-19-39-45-60,2009,4,4,14,19,39,45,60,2009-04-11
13-25-28-37-43-56,2015,4,13,25,28,37,43,56,2015-04-11
7-9-14-17-24-32,1999,4,7,9,14,17,24,32,1999-04-12
9-16-41-42-52-53,2002,4,9,16,41,42,52,53,2002-04-12
26-29-31-49-50-57,2004,4,26,29,31,49,50,57,2004-04-12
5-18-21-26-39-59,2010,4,5,18,21,26,39,59,2010-04-12
20-21-22-29-46-60,2013,4,20,21,22,29,46,60,2013-04-12
14-18-29-38-44-47,1997,5,14,18,29,38,44,47,1997-05-01
21-23-40-44-51-52,2002,5,21,23,40,44,51,52,2002-05-01
8-16-22-30-56-58,2005,5,8,16,22,30,56,58,2005-05-01
2-17-21-36-42-53,2008,5,2,17,21,36,42,53,2008-05-01
10-37-40-43-57-59,2011,5,10,37,40,43,57,59,2011-05-01
15-16-34-42-46-59,2013,5,15,16,34,42,46,59,2013-05-01
26-32-40-43-46-54,2000,5,26,32,40,43,46,54,2000-05-02
10-11-17-31-37-43,2003,5,10,11,17,31,37,43,2003-05-02
11-18-43-48-52-58,2005,5,11,18,43,48,52,58,2005-05-02
5-23-38-39-51-54,2011,5,5,23,38,39,51,54,2011-05-02
3-29-32-46-55-60,2014,5,3,29,32,46,55,60,2014-05-02
14-27-29-31-34-57,2005,5,14,27,29,31,34,57,2005-05-03
1-23-41-44-51-52,2008,5,1,23,41,44,51,52,2008-05-03
4-18-26-36-41-53,2011,5,4,18,26,36,41,53,2011-05-03
25-34-40-49-51-60,2014,5,25,34,40,49,51,60,2014-05-03
22-23-34-48-53-54,2016,5,22,23,34,48,53,54,2016-05-03
17-18-23-28-31-53,2003,5,17,18,23,28,31,53,2003-05-04
4-23-24-25-29-42,2006,5,4,23,24,25,29,42,2006-05-04
7-13-22-33-48-51,2008,5,7,13,22,33,48,51,2008-05-04
23-29-32-36-45-49,2014,5,23,29,32,36,45,49,2014-05-04
5-9-27-35-40-45,2001,5,5,9,27,35,40,45,2001-05-05
2-11-18-30-32-58,2004,5,2,11,18,30,32,58,2004-05-05
8-11-31-33-42-57,2007,5,8,11,31,33,42,57,2007-05-05
11-14-21-30-33-49,2010,5,11,14,21,30,33,49,2010-05-05
12-28-38-39-51-56,2012,5,12,28,38,39,51,56,2012-05-05
3-9-18-32-40-56,2015,5,3,9,18,32,40,56,2015-05-05
8-11-25-39-41-60,2016,5,8,11,25,39,41,60,2016-05-05
7-41-46-51-55-58,1999,5,7,41,46,51,55,58,1999-05-06
10-12-27-33-49-52,2002,5,10,12,27,33,49,52,2002-05-06
3-9-14-15-32-57,2004,5,3,9,14,15,32,57,2004-05-06
2-10-21-35-43-54,2010,5,2,10,21,35,43,54,2010-05-06
10-18-31-43-57-59,2013,5,10,18,31,43,57,59,2013-05-06
6-8-18-34-38-47,2003,5,6,8,18,34,38,47,2003-05-07
20-31-36-37-45-51,2006,5,20,31,36,37,45,51,2006-05-07
4-10-20-43-46-47,2008,5,4,10,20,43,46,47,2008-05-07
14-17-21-27-43-49,2014,5,14,17,21,27,43,49,2014-05-07
1-9-31-38-46-56,1996,5,1,9,31,38,46,56,1996-05-08
16-27-36-42-44-59,2000,5,16,27,36,42,44,59,2000-05-08
20-31-34-37-54-60,2006,5,20,31,34,37,54,60,2006-05-08
1-17-21-33-48-56,2009,5,1,17,21,33,48,56,2009-05-08
33-43-49-50-56-59,2014,5,33,43,49,50,56,59,2014-05-08
4-9-17-27-30-44,1998,5,4,9,17,27,30,44,1998-05-09
5-6-7-12-28-35,2001,5,5,6,7,12,28,35,2001-05-09
18-20-36-53-54-58,2007,5,18,20,36,53,54,58,2007-05-09
4-15-43-47-50-60,2009,5,4,15,43,47,50,60,2009-05-09
2-5-13-17-39-44,2012,5,2,5,13,17,39,44,2012-05-09
9-10-17-32-34-46,2015,5,9,10,17,32,34,46,2015-05-09
4-15-16-24-42-57,1997,5,4,15,16,24,42,57,1997-05-10
5-16-27-43-56-58,2002,5,5,16,27,43,56,58,2002-05-10
2-4-18-27-34-50,2005,5,2,4,18,27,34,50,2005-05-10
2-5-16-20-35-43,2011,5,2,5,16,20,35,43,2011-05-10
13-18-29-32-50-58,2013,5,13,18,29,32,50,58,2013-05-10
3-4-8-34-36-37,2003,5,3,4,8,34,36,37,2003-05-11
5-10-33-40-41-59,2005,5,5,10,33,40,41,59,2005-05-11
4-13-23-29-46-47,2008,5,4,13,23,29,46,47,2008-05-11
1-6-8-10-25-27,2011,5,1,6,8,10,25,27,2011-05-11
17-23-29-38-57-60,2014,5,17,23,29,38,57,60,2014-05-11
8-32-36-44-45-55,1998,5,8,32,36,44,45,55,1998-05-12
12-16-17-19-23-48,2001,5,12,16,17,19,23,48,2001-05-12
8-22-36-37-46-52,2007,5,8,22,36,37,46,52,2007-05-12
12-27-30-33-52-55,2009,5,12,27,30,33,52,55,2009-05-12
1-25-29-36-56-60,2012,5,1,25,29,36,56,60,2012-05-12
16-26-35-39-44-45,2015,5,16,26,35,39,44,45,2015-05-12
11-12-24-37-44-56,2001,6,11,12,24,37,44,56,2001-06-01
3-32-33-42-48-50,2007,6,3,32,33,42,48,50,2007-06-01
3-15-26-28-31-58,2010,6,3,15,26,28,31,58,2010-06-01
4-19-38-44-52-55,2016,6,4,19,38,44,52,55,2016-06-01
2-30-31-42-45-47,1999,6,2,30,31,42,45,47,1999-06-02
7-23-33-43-57-59,2002,6,7,23,33,43,57,59,2002-06-02
10-11-15-27-53-60,2008,6,10,11,15,27,53,60,2008-06-02
1-4-14-21-25-51,2010,6,1,4,14,21,25,51,2010-06-02
4-6-13-34-37-51,2013,6,4,6,13,34,37,51,2013-06-02
3-13-42-45-56-59,2016,6,3,13,42,45,56,59,2016-06-02
4-13-17-21-41-44,1999,6,4,13,17,21,41,44,1999-06-03
16-29-34-49-51-54,2002,6,16,29,34,49,51,54,2002-06-03
35-37-42-46-49-54,2004,6,35,37,42,46,49,54,2004-06-03
5-6-34-46-53-55,2010,6,5,6,34,46,53,55,2010-06-03
1-2-3-11-28-43,2013,6,1,2,3,11,28,43,2013-06-03
7-16-17-27-34-59,1997,6,7,16,17,27,34,59,1997-06-04
15-16-24-41-59-60,2002,6,15,16,24,41,59,60,2002-06-04
5-9-19-24-31-34,2005,6,5,9,19,24,31,34,2005-06-04
13-26-27-28-35-52,2011,6,13,26,27,28,35,52,2011-06-04
1-35-39-53-55-56,2013,6,1,35,39,53,55,56,2013-06-04
11-20-35-42-55-58,2016,6,11,20,35,42,55,58,2016-06-04
8-43-54-55-56-60,1996,6,8,43,54,55,56,60,1996-06-05
12-17-40-42-47-54,2000,6,12,17,40,42,47,54,2000-06-05
13-17-27-29-40-56,2006,6,13,17,27,29,40,56,2006-06-05
5-7-37-43-53-54,2009,6,5,7,37,43,53,54,2009-06-05
9-22-25-37-56-57,1998,6,9,22,25,37,56,57,1998-06-06
4-19-30-34-57-59,2007,6,4,19,30,34,57,59,2007-06-06
11-18-20-34-41-56,2009,6,11,18,20,34,41,56,2009-06-06
5-11-17-19-44-48,2012,6,5,11,17,19,44,48,2012-06-06
22-26-38-39-45-50,2015,6,22,26,38,39,45,50,2015-06-06
17-23-27-40-43-58,1997,6,17,23,27,40,43,58,1997-06-07
10-13-25-35-43-48,2002,6,10,13,25,35,43,48,2002-06-07
3-21-25-37-54-58,2005,6,3,21,25,37,54,58,2005-06-07
14-15-30-53-55-60,2011,6,14,15,30,53,55,60,2011-06-07
1-6-27-46-51-59,2013,6,1,6,27,46,51,59,2013-06-07
2-17-22-24-48-51,2016,6,2,17,22,24,48,51,2016-06-07
8-14-19-30-42-50,2003,6,8,14,19,30,42,50,2003-06-08
11-21-30-35-47-52,2005,6,11,21,30,35,47,52,2005-06-08
5-24-25-26-42-60,2008,6,5,24,25,26,42,60,2008-06-08
7-10-32-43-47-54,2011,6,7,10,32,43,47,54,2011-06-08
8-9-28-41-48-55,2013,6,8,9,28,41,48,55,2013-06-08
1-10-17-24-42-51,2015,6,1,10,17,24,42,51,2015-06-08
3-4-37-39-48-50,2016,6,3,4,37,39,48,50,2016-06-08
8-15-29-36-49-60,2003,6,8,15,29,36,49,60,2003-06-09
5-19-24-34-39-43,2006,6,5,19,24,34,39,43,2006-06-09
3-7-25-31-40-58,2008,6,3,7,25,31,40,58,2008-06-09
4-13-15-19-36-58,2013,6,4,13,15,19,36,58,2013-06-09
1-2-11-13-36-49,2014,6,1,2,11,13,36,49,2014-06-09
17-19-28-45-48-56,1996,6,17,19,28,45,48,56,1996-06-10
12-25-30-40-41-60,2001,6,12,25,30,40,41,60,2001-06-10
15-25-41-46-49-51,2004,6,15,25,41,46,49,51,2004-06-10
1-9-19-25-50-52,2007,6,1,9,19,25,50,52,2007-06-10
5-15-43-48-52-55,2010,6,5,15,43,48,52,55,2010-06-10
5-9-13-33-40-54,2012,6,5,9,13,33,40,54,2012-06-10
1-26-28-41-54-60,1999,6,1,26,28,41,54,60,1999-06-11
10-12-31-38-45-56,2002,6,10,12,31,38,45,56,2002-06-11
6-13-19-44-54-55,2004,6,6,13,19,44,54,55,2004-06-11
12-30-32-40-49-60,2010,6,12,30,32,40,49,60,2010-06-11
4-6-11-24-45-48,2013,6,4,6,11,24,45,48,2013-06-11
9-12-17-32-34-35,2003,6,9,12,17,32,34,35,2003-06-12
4-10-17-27-41-52,2006,6,4,10,17,27,41,52,2006-06-12
20-26-34-51-52-54,2008,6,20,26,34,51,52,54,2008-06-12
4-10-20-33-37-49,2014,6,4,10,20,33,37,49,2014-06-12
6-14-17-26-50-52,2004,7,6,14,17,26,50,52,2004-07-01
4-12-14-30-42-59,2006,7,4,12,14,30,42,59,2006-07-01
4-36-44-46-53-56,2009,7,4,36,44,46,53,56,2009-07-01
9-18-24-35-36-59,2012,7,9,18,24,35,36,59,2012-07-01
7-12-24-44-51-56,2015,7,7,12,24,44,51,56,2015-07-01
14-15-22-23-25-37,2004,7,14,15,22,23,25,37,2004-07-02
17-29-31-35-43-59,2007,7,17,29,31,35,43,59,2007-07-02
28-40-42-54-55-57,2009,7,28,40,42,54,55,57,2009-07-02
1-2-11-37-48-51,2015,7,1,2,11,37,48,51,2015-07-02
14-15-27-42-44-48,2007,7,14,15,27,42,44,48,2007-07-03
13-14-18-27-41-60,2009,7,13,14,18,27,41,60,2009-07-03
5-16-24-32-38-46,2012,7,5,16,24,32,38,46,2012-07-03
9-12-18-31-39-50,2015,7,9,12,18,31,39,50,2015-07-03
2-23-38-46-48-54,2001,7,2,23,38,46,48,54,2001-07-04
9-22-47-49-52-54,2004,7,9,22,47,49,52,54,2004-07-04
11-15-40-41-42-47,2007,7,11,15,40,41,42,47,2007-07-04
4-5-20-47-53-56,2010,7,4,5,20,47,53,56,2010-07-04
2-5-17-18-54-59,2012,7,2,5,17,18,54,59,2012-07-04
19-23-30-37-49-55,2003,7,19,23,30,37,49,55,2003-07-05
4-18-23-25-56-60,2005,7,4,18,23,25,56,60,2005-07-05
5-13-14-18-30-57,2008,7,5,13,14,18,30,57,2008-07-05
8-11-14-30-36-38,2011,7,8,11,14,30,36,38,2011-07-05
5-10-16-44-50-52,2014,7,5,10,16,44,50,52,2014-07-05
17-19-33-35-39-52,2015,7,17,19,33,35,39,52,2015-07-05
5-10-12-22-28-46,2016,7,5,10,12,22,28,46,2016-07-05
13-21-26-29-42-47,2003,7,13,21,26,29,42,47,2003-07-06
4-12-25-34-35-48,2006,7,4,12,25,34,35,48,2006-07-06
14-23-25-28-38-53,2008,7,14,23,25,28,38,53,2008-07-06
1-15-37-42-46-54,2014,7,1,15,37,42,46,54,2014-07-06
10-11-21-50-51-54,2016,7,10,11,21,50,51,54,2016-07-06
4-23-31-47-58-59,2001,7,4,23,31,47,58,59,2001-07-07
3-18-23-48-56-58,2004,7,3,18,23,48,56,58,2004-07-07
17-41-42-44-45-60,2007,7,17,41,42,44,45,60,2007-07-07
6-13-24-41-50-53,2010,7,6,13,24,41,50,53,2010-07-07
7-8-27-31-32-51,2012,7,7,8,27,31,32,51,2012-07-07
18-23-31-39-49-57,2015,7,18,23,31,39,49,57,2015-07-07
5-6-23-26-27-53,1999,7,5,6,23,26,27,53,1999-07-08
5-12-16-18-22-24,2002,7,5,12,16,18,22,24,2002-07-08
2-18-29-30-36-60,2004,7,2,18,29,30,36,60,2004-07-08
7-9-30-33-38-55,2010,7,7,9,30,33,38,55,2010-07-08
13-15-33-45-54-55,2012,7,13,15,33,45,54,55,2012-07-08
2-27-32-41-47-58,2014,7,2,27,32,41,47,58,2014-07-08
2-13-17-25-31-43,1997,7,2,13,17,25,31,43,1997-07-09
5-15-35-42-45-49,2002,7,5,15,35,42,45,49,2002-07-09
25-28-38-41-57-59,2000,7,25,28,38,41,57,59,2000-07-10
2-30-36-43-48-60,2006,7,2,30,36,43,48,60,2006-07-10
18-30-37-41-44-50,2009,7,18,30,37,41,44,50,2009-07-10
2-10-13-41-49-53,2015,7,2,10,13,41,49,53,2015-07-10
7-31-41-44-46-55,1998,7,7,31,41,44,46,55,1998-07-11
22-24-30-32-38-41,2001,7,22,24,30,32,38,41,2001-07-11
23-25-30-46-47-59,2007,7,23,25,30,46,47,59,2007-07-11
7-11-16-18-33-49,2009,7,7,11,16,18,33,49,2009-07-11
2-6-28-36-51-56,2012,7,2,6,28,36,51,56,2012-07-11
6-11-16-23-36-42,2015,7,6,11,16,23,36,42,2015-07-11
1-3-5-23-24-51,1997,7,1,3,5,23,24,51,1997-07-12
12-29-30-43-57-59,2002,7,12,29,30,43,57,59,2002-07-12
12-31-44-51-54-56,2005,7,12,31,44,51,54,56,2005-07-12
19-20-31-42-51-56,2011,7,19,20,31,42,51,56,2011-07-12
30-32-49-50-52-53,2013,7,30,32,49,50,52,53,2013-07-12
5-20-22-30-35-55,2000,8,5,20,22,30,35,55,2000-08-01
3-13-14-24-43-51,2003,8,3,13,14,24,43,51,2003-08-01
15-16-39-40-47-51,2005,8,15,16,39,40,47,51,2005-08-01
3-9-11-24-36-51,2011,8,3,9,11,24,36,51,2011-08-01
1-18-29-31-37-39,1998,8,1,18,29,31,37,39,1998-08-02
1-6-7-29-48-57,2003,8,1,6,7,29,48,57,2003-08-02
1-21-38-41-49-56,2006,8,1,21,38,41,49,56,2006-08-02
23-27-30-37-38-44,2012,8,23,27,30,37,38,44,2012-08-02
20-27-42-45-46-47,2014,8,20,27,42,45,46,47,2014-08-02
3-13-31-43-46-49,1998,8,3,13,31,43,46,49,1998-08-03
11-17-26-36-48-52,2003,8,11,17,26,36,48,52,2003-08-03
4-12-23-26-39-46,2006,8,4,12,23,26,39,46,2006-08-03
23-41-42-48-49-59,2008,8,23,41,42,48,49,59,2008-08-03
1-6-14-17-33-36,2014,8,1,6,14,17,33,36,2014-08-03
2-13-14-35-54-57,2016,8,2,13,14,35,54,57,2016-08-03
1-2-6-16-19-46,1996,8,1,2,6,16,19,46,1996-08-04
6-12-30-31-35-50,2000,8,6,12,30,31,35,50,2000-08-04
2-7-22-35-43-59,2006,8,2,7,22,35,43,59,2006-08-04
1-22-44-47-49-50,2009,8,1,22,44,47,49,50,2009-08-04
5-15-18-19-21-38,2015,8,5,15,18,19,21,38,2015-08-04
12-13-22-57-59-60,1999,8,12,13,22,57,59,60,1999-08-05
13-19-20-29-31-54,2002,8,13,19,20,29,31,54,2002-08-05
1-20-36-39-49-55,2004,8,1,20,36,39,49,55,2004-08-05
33-38-47-50-52-55,2010,8,33,38,47,50,52,55,2010-08-05
4-9-18-44-46-48,2013,8,4,9,18,44,46,48,2013-08-05
12-13-15-26-33-48,1997,8,12,13,15,26,33,48,1997-08-06
13-29-32-38-44-50,2002,8,13,29,32,38,44,50,2002-08-06
9-16-27-38-39-51,2005,8,9,16,27,38,39,51,2005-08-06
2-3-14-23-34-50,2011,8,2,3,14,23,34,50,2011-08-06
1-7-13-29-37-54,2013,8,1,7,13,29,37,54,2013-08-06
23-27-36-37-42-56,1996,8,23,27,36,37,42,56,1996-08-07
11-26-27-37-42-48,2000,8,11,26,27,37,42,48,2000-08-07
25-26-29-36-52-54,2006,8,25,26,29,36,52,54,2006-08-07
2-18-20-32-37-48,2009,8,2,18,20,32,37,48,2009-08-07
21-29-50-51-54-59,1998,8,21,29,50,51,54,59,1998-08-08
12-32-37-41-50-56,2001,8,12,32,37,41,50,56,2001-08-08
15-16-19-22-34-35,2007,8,15,16,19,22,34,35,2007-08-08
11-20-21-30-50-52,2009,8,11,20,21,30,50,52,2009-08-08
5-6-15-23-56-59,2013,8,5,6,15,23,56,59,2013-08-08
5-18-27-43-49-59,2015,8,5,18,27,43,49,59,2015-08-08
13-17-20-33-44-51,1996,8,13,17,20,33,44,51,1996-08-09
22-25-28-41-45-57,2001,8,22,25,28,41,45,57,2001-08-09
11-14-28-43-54-60,2004,8,11,14,28,43,54,60,2004-08-09
4-18-21-34-38-59,2007,8,4,18,21,34,38,59,2007-08-09
2-23-33-35-40-50,2010,8,2,23,33,35,40,50,2010-08-09
6-13-29-30-35-37,2011,8,6,13,29,30,35,37,2011-08-09
3-8-21-25-27-43,2012,8,3,8,21,25,27,43,2012-08-09
7-10-21-27-48-49,2003,8,7,10,21,27,48,49,2003-08-10
3-11-13-15-26-43,2005,8,3,11,13,15,26,43,2005-08-10
2-11-21-30-35-52,2008,8,2,11,21,30,35,52,2008-08-10
10-11-18-19-30-50,2011,8,10,11,18,19,30,50,2011-08-10
3-23-42-43-47-60,2014,8,3,23,42,43,47,60,2014-08-10
4-8-31-40-53-58,2003,8,4,8,31,40,53,58,2003-08-11
2-8-11-41-46-50,2006,8,2,8,11,41,46,50,2006-08-11
1-2-19-32-39-52,2008,8,1,2,19,32,39,52,2008-08-11
8-27-35-38-41-44,2014,8,8,27,35,38,41,44,2014-08-11
3-5-8-12-46-47,1996,8,3,5,8,12,46,47,1996-08-12
20-22-27-47-50-53,2001,8,20,22,27,47,50,53,2001-08-12
19-27-29-38-50-59,2004,8,19,27,29,38,50,59,2004-08-12
21-33-34-40-41-59,2007,8,21,33,34,40,41,59,2007-08-12
13-14-24-39-40-45,2010,8,13,14,24,39,40,45,2010-08-12
2-6-18-30-52-56,2012,8,2,6,18,30,52,56,2012-08-12
7-11-20-28-45-48,1999,9,7,11,20,28,45,48,1999-09-01
29-32-33-38-46-48,2002,9,29,32,33,38,46,48,2002-09-01
8-14-25-39-45-51,2008,9,8,14,25,39,45,51,2008-09-01
3-30-35-44-47-60,2010,9,3,30,35,44,47,60,2010-09-01
2-4-16-33-44-51,2013,9,2,4,16,33,44,51,2013-09-01
1-6-13-20-36-43,2014,9,1,6,13,20,36,43,2014-09-01
4-10-38-40-45-48,2016,9,4,10,38,40,45,48,2016-09-01
7-13-33-35-43-55,1997,9,7,13,33,35,43,55,1997-09-02
2-18-22-26-30-54,2002,9,2,18,22,26,30,54,2002-09-02
5-8-18-42-52-59,2008,9,5,8,18,42,52,59,2008-09-02
26-33-35-38-43-53,2011,9,26,33,35,38,43,53,2011-09-02
23-24-26-41-52-53,2013,9,23,24,26,41,52,53,2013-09-02
3-13-16-38-42-46,1997,9,3,13,16,38,42,46,1997-09-03
4-6-7-12-24-41,2002,9,4,6,7,12,24,41,2002-09-03
3-24-48-52-53-54,2005,9,3,24,48,52,53,54,2005-09-03
4-17-36-37-51-56,2011,9,4,17,36,37,51,56,2011-09-03
12-13-37-44-48-51,2013,9,12,13,37,44,48,51,2013-09-03
11-16-30-36-51-54,2003,9,11,16,30,36,51,54,2003-09-04
6-10-11-40-41-56,2005,9,6,10,11,40,41,56,2005-09-04
3-5-11-33-39-57,2008,9,3,5,11,33,39,57,2008-09-04
13-19-26-40-58-60,2011,9,13,19,26,40,58,60,2011-09-04
4-5-11-19-41-51,2014,9,4,5,11,19,41,51,2014-09-04
1-15-16-22-25-43,2016,9,1,15,16,22,25,43,2016-09-04
6-12-18-37-47-54,1998,9,6,12,18,37,47,54,1998-09-05
23-26-27-41-51-53,2007,9,23,26,27,41,51,53,2007-09-05
9-18-19-43-47-54,2009,9,9,18,19,43,47,54,2009-09-05
18-27-32-43-50-52,2012,9,18,27,32,43,50,52,2012-09-05
3-23-26-35-39-49,2015,9,3,23,26,35,39,49,2015-09-05
16-19-30-37-38-48,2001,9,16,19,30,37,38,48,2001-09-06
15-32-33-35-36-51,2004,9,15,32,33,35,36,51,2004-09-06
10-20-42-44-52-59,2007,9,10,20,42,44,52,59,2007-09-06
7-8-12-13-15-41,2010,9,7,8,12,13,15,41,2010-09-06
29-48-52-54-55-58,2012,9,29,48,52,54,55,58,2012-09-06
17-19-32-43-48-51,2016,9,17,19,32,43,48,51,2016-09-06
3-8-21-25-30-31,2003,9,3,8,21,25,30,31,2003-09-07
2-3-5-22-26-44,2005,9,2,3,5,22,26,44,2005-09-07
4-16-18-46-56-59,2008,9,4,16,18,46,56,59,2008-09-07
8-22-32-43-53-56,2011,9,8,22,32,43,53,56,2011-09-07
5-20-26-31-33-44,2014,9,5,20,26,31,33,44,2014-09-07
4-12-19-33-36-38,2015,9,4,12,19,33,36,38,2015-09-07
8-28-36-47-50-58,2016,9,8,28,36,47,50,58,2016-09-07
8-22-25-48-52-54,2003,9,8,22,25,48,52,54,2003-09-08
17-19-29-31-44-57,2006,9,17,19,29,31,44,57,2006-09-08
3-20-29-40-44-58,2008,9,3,20,29,40,44,58,2008-09-08
7-8-24-30-33-47,2011,9,7,8,24,30,33,47,2011-09-08
21-37-44-46-49-57,2012,9,21,37,44,46,49,57,2012-09-08
11-22-36-40-45-52,2014,9,11,22,36,40,45,52,2014-09-08
3-9-13-29-30-51,2016,9,3,9,13,29,30,51,2016-09-08
10-25-50-52-57-60,2000,9,10,25,50,52,57,60,2000-09-09
6-12-47-48-52-58,2006,9,6,12,47,48,52,58,2006-09-09
3-9-20-36-53-54,2009,9,3,9,20,36,53,54,2009-09-09
10-15-25-38-47-53,2015,9,10,15,25,38,47,53,2015-09-09
7-16-27-31-46-60,2002,9,7,16,27,31,46,60,2002-09-10
4-24-44-49-52-53,2004,9,4,24,44,49,52,53,2004-09-10
5-14-37-43-46-58,2010,9,5,14,37,43,46,58,2010-09-10
6-10-33-50-51-56,2013,9,6,10,33,50,51,56,2013-09-10
4-18-29-37-43-45,1997,9,4,18,29,37,43,45,1997-09-11
5-12-14-21-45-59,2002,9,5,12,14,21,45,59,2002-09-11
7-8-35-43-53-58,2005,9,7,8,35,43,53,58,2005-09-11
3-14-20-22-49-51,2011,9,3,14,20,22,49,51,2011-09-11
4-17-38-44-53-60,2013,9,4,17,38,44,53,60,2013-09-11
21-36-40-49-54-55,2000,9,21,36,40,49,54,55,2000-09-12
1-15-26-51-54-59,2006,9,1,15,26,51,54,59,2006-09-12
5-10-16-21-39-58,2009,9,5,10,16,21,39,58,2009-09-12
5-7-11-34-35-50,2015,9,5,7,11,34,35,50,2015-09-12
8-12-28-31-34-37,2004,10,8,12,28,31,34,37,2004-10-01
15-17-23-33-39-49,2007,10,15,17,23,33,39,49,2007-10-01
6-7-28-35-43-51,2009,10,6,7,28,35,43,51,2009-10-01
5-40-47-52-55-57,2015,10,5,40,47,52,55,57,2015-10-01
7-12-50-54-55-60,2001,10,7,12,50,54,55,60,2001-10-02
7-22-32-36-38-51,2007,10,7,22,32,36,38,51,2007-10-02
14-20-29-36-44-47,2010,10,14,20,29,36,44,47,2010-10-02
6-25-43-57-58-59,2016,10,6,25,43,57,58,59,2016-10-02
11-20-48-53-58-60,2001,10,11,20,48,53,58,60,2001-10-03
11-17-33-34-47-56,2004,10,11,17,33,34,47,56,2004-10-03
17-27-32-34-47-56,2007,10,17,27,32,34,47,56,2007-10-03
1-3-5-18-40-48,2010,10,1,3,5,18,40,48,2010-10-03
2-4-5-27-49-59,2012,10,2,4,5,27,49,59,2012-10-03
2-9-23-28-45-53,2016,10,2,9,23,28,45,53,2016-10-03
21-23-33-38-48-51,1999,10,21,23,33,38,48,51,1999-10-04
7-20-25-44-47-49,2002,10,7,20,25,44,47,49,2002-10-04
4-43-46-53-54-58,2004,10,4,43,46,53,54,58,2004-10-04
1-11-14-23-42-48,2010,10,1,11,14,23,42,48,2010-10-04
17-20-24-29-49-53,2013,10,17,20,24,29,49,53,2013-10-04
15-17-20-29-30-60,2003,10,15,17,20,29,30,60,2003-10-05
9-12-21-37-39-54,2006,10,9,12,21,37,39,54,2006-10-05
1-4-13-30-51-60,2008,10,1,4,13,30,51,60,2008-10-05
29-31-36-42-47-53,2014,10,29,31,36,42,47,53,2014-10-05
2-16-23-27-47-53,1996,10,2,16,23,27,47,53,1996-10-06
2-6-22-24-28-58,2000,10,2,6,22,24,28,58,2000-10-06
14-21-29-34-46-47,2006,10,14,21,29,34,46,47,2006-10-06
9-16-24-29-52-56,2009,10,9,16,24,29,52,56,2009-10-06
2-12-19-29-50-59,2015,10,2,12,19,29,50,59,2015-10-06
1-10-13-20-42-50,1999,10,1,10,13,20,42,50,1999-10-07
3-12-19-27-45-46,2002,10,3,12,19,27,45,46,2002-10-07
4-9-15-17-34-39,2004,10,4,9,15,17,34,39,2004-10-07
17-20-26-27-55-57,2010,10,17,20,26,27,55,57,2010-10-07
1-8-17-44-46-53,2013,10,1,8,17,44,46,53,2013-10-07
21-24-35-36-37-49,1997,10,21,24,35,36,37,49,1997-10-08
17-35-36-39-43-54,2002,10,17,35,36,39,43,54,2002-10-08
6-7-31-49-51-60,2005,10,6,7,31,49,51,60,2005-10-08
7-31-35-36-46-48,2013,10,7,31,35,36,46,48,2013-10-08
10-19-20-29-41-59,2003,10,10,19,20,29,41,59,2003-10-09
28-31-32-35-51-53,2005,10,28,31,32,35,51,53,2005-10-09
5-10-16-23-26-27,2008,10,5,10,16,23,26,27,2008-10-09
11-14-16-28-34-46,2011,10,11,14,16,28,34,46,2011-10-09
9-10-23-33-44-51,2014,10,9,10,23,33,44,51,2014-10-09
1-17-25-38-45-59,1998,10,1,17,25,38,45,59,1998-10-10
17-27-34-42-43-46,1999,10,17,27,34,42,43,46,1999-10-10
7-13-17-30-37-47,2001,10,7,13,17,30,37,47,2001-10-10
17-22-26-28-38-42,2007,10,17,22,26,28,38,42,2007-10-10
4-9-13-17-20-47,2009,10,4,9,13,17,20,47,2009-10-10
16-24-25-42-45-59,2012,10,16,24,25,42,45,59,2012-10-10
3-13-14-29-33-43,2015,10,3,13,14,29,33,43,2015-10-10
3-13-17-25-29-51,1996,10,3,13,17,25,29,51,1996-10-11
14-23-30-41-47-50,2001,10,14,23,30,41,47,50,2001-10-11
12-16-31-48-57-60,2004,10,12,16,31,48,57,60,2004-10-11
4-8-12-38-44-52,2007,10,4,8,12,38,44,52,2007-10-11
9-12-19-22-35-37,2010,10,9,12,19,22,35,37,2010-10-11
17-29-36-38-53-56,2012,10,17,29,36,38,53,56,2012-10-11
2-14-21-22-51-60,2015,10,2,14,21,22,51,60,2015-10-11
15-25-28-32-38-45,2003,10,15,25,28,32,38,45,2003-10-12
3-14-23-25-36-55,2005,10,3,14,23,25,36,55,2005-10-12
5-16-17-20-24-32,2008,10,5,16,17,20,24,32,2008-10-12
8-19-21-36-42-59,2011,10,8,19,21,36,42,59,2011-10-12
8-17-34-38-42-51,2014,10,8,17,34,38,42,51,2014-10-12
5-11-14-35-53-56,1998,11,5,11,14,35,53,56,1998-11-01
8-28-30-32-46-60,2003,11,8,28,30,32,46,60,2003-11-01
8-13-24-32-42-44,2006,11,8,13,24,32,42,44,2006-11-01
3-11-13-27-32-47,2012,11,3,11,13,27,32,47,2012-11-01
25-38-44-46-53-54,2014,11,25,38,44,46,53,54,2014-11-01
3-7-19-34-37-39,2004,11,3,7,19,34,37,39,2004-11-02
11-12-24-32-33-38,2006,11,11,12,24,32,33,38,2006-11-02
1-2-8-10-14-48,2009,11,1,2,8,10,14,48,2009-11-02
2-12-19-22-36-58,2012,11,2,12,19,22,36,58,2012-11-02
10-15-28-33-51-52,2015,11,10,15,28,33,51,52,2015-11-02
4-5-30-33-41-52,1996,11,4,5,30,33,41,52,1996-11-03
20-32-37-38-48-58,2000,11,20,32,37,38,48,58,2000-11-03
2-16-21-37-43-57,2006,11,2,16,21,37,43,57,2006-11-03
12-15-16-20-27-32,2009,11,12,15,16,20,27,32,2009-11-03
3-18-31-39-46-51,2015,11,3,18,31,39,46,51,2015-11-03
18-31-43-52-57-58,1998,11,18,31,43,52,57,58,1998-11-04
2-3-17-49-50-59,2007,11,2,3,17,49,50,59,2007-11-04
4-16-19-28-29-49,2009,11,4,16,19,28,29,49,2009-11-04
5-12-36-45-50-58,2012,11,5,12,36,45,50,58,2012-11-04
20-29-34-37-45-57,2015,11,20,29,34,37,45,57,2015-11-04
6-8-13-24-31-52,1997,11,6,8,13,24,31,52,1997-11-05
23-24-29-47-53-55,2002,11,23,24,29,47,53,55,2002-11-05
1-27-30-49-51-55,2005,11,1,27,30,49,51,55,2005-11-05
4-23-39-52-55-56,2011,11,4,23,39,52,55,56,2011-11-05
7-12-24-27-30-49,2013,11,7,12,24,27,30,49,2013-11-05
1-4-26-39-47-55,2016,11,1,4,26,39,47,55,2016-11-05
8-11-23-37-51-58,2003,11,8,11,23,37,51,58,2003-11-06
24-28-34-38-43-53,2005,11,24,28,34,38,43,53,2005-11-06
3-5-7-9-17-32,2008,11,3,5,7,9,17,32,2008-11-06
18-40-47-54-57-58,2011,11,18,40,47,54,57,58,2011-11-06
7-31-32-41-51-52,2014,11,7,31,32,41,51,52,2014-11-06
26-33-42-43-53-54,2016,11,26,33,42,43,53,54,2016-11-06
13-14-16-26-32-42,1998,11,13,14,16,26,32,42,1998-11-07
21-32-37-52-53-60,2007,11,21,32,37,52,53,60,2007-11-07
9-20-24-36-40-42,2009,11,9,20,24,36,40,42,2009-11-07
3-14-17-32-37-39,2012,11,3,14,17,32,37,39,2012-11-07
9-23-39-41-49-58,2015,11,9,23,39,41,49,58,2015-11-07
29-35-37-44-47-56,2001,11,29,35,37,44,47,56,2001-11-08
11-13-45-46-53-55,2004,11,11,13,45,46,53,55,2004-11-08
1-19-42-44-49-52,2007,11,1,19,42,44,49,52,2007-11-08
5-10-25-39-43-52,2010,11,5,10,25,39,43,52,2010-11-08
7-12-25-26-32-39,2011,11,7,12,25,26,32,39,2011-11-08
26-36-40-46-49-51,2012,11,26,36,40,46,49,51,2012-11-08
6-24-26-30-34-49,2016,11,6,24,26,30,34,49,2016-11-08
9-16-21-34-41-60,1999,11,9,16,21,34,41,60,1999-11-09
10-11-14-20-31-58,2002,11,10,11,14,20,31,58,2002-11-09
22-27-29-40-42-56,2004,11,22,27,29,40,42,56,2004-11-09
3-11-26-34-45-53,2010,11,3,11,26,34,45,53,2010-11-09
11-15-17-34-35-49,2013,11,11,15,17,34,35,49,2013-11-09
8-11-19-30-39-50,2003,11,8,11,19,30,39,50,2003-11-10
14-19-40-47-55-58,2008,11,14,19,40,47,55,58,2008-11-10
23-27-35-52-53-57,2013,11,23,27,35,52,53,57,2013-11-10
16-19-20-28-37-60,2014,11,16,19,20,28,37,60,2014-11-10
8-27-44-51-53-60,2000,11,8,27,44,51,53,60,2000-11-11
9-19-37-39-50-57,2006,11,9,19,37,39,50,57,2006-11-11
3-7-29-33-42-56,2009,11,3,7,29,33,42,56,2009-11-11
5-12-15-19-29-52,1999,11,5,12,15,19,29,52,1999-11-12
5-35-37-38-45-51,2002,11,5,35,37,38,45,51,2002-11-12
9-23-30-42-49-55,2004,11,9,23,30,42,49,55,2004-11-12
1-15-37-39-48-52,2010,11,1,15,37,39,48,52,2010-11-12
2-5-23-33-52-59,2013,11,2,5,23,33,52,59,2013-11-12
7-30-37-44-53-55,1997,12,7,30,37,44,53,55,1997-12-01
5-7-14-21-23-51,2002,12,5,7,14,21,23,51,2002-12-01
12-16-20-45-53-60,2005,12,12,16,20,45,53,60,2005-12-01
1-3-21-25-44-48,2008,12,1,3,21,25,44,48,2008-12-01
20-33-34-57-58-60,2011,12,20,33,34,57,58,60,2011-12-01
2-6-30-34-35-52,2013,12,2,6,30,34,35,52,2013-12-01
12-25-30-39-56-57,2016,12,12,25,30,39,56,57,2016-12-01
18-20-26-34-51-56,2000,12,18,20,26,34,51,56,2000-12-02
7-10-30-44-54-59,2003,12,7,10,30,44,54,59,2003-12-02
10-11-36-41-42-50,2005,12,10,11,36,41,42,50,2005-12-02
2-15-26-27-30-52,2011,12,2,15,26,27,30,52,2011-12-02
7-16-21-35-36-38,2014,12,7,16,21,35,36,38,2014-12-02
3-24-33-48-52-57,2003,12,3,24,33,48,52,57,2003-12-03
10-13-32-47-49-60,2005,12,10,13,32,47,49,60,2005-12-03
14-24-34-39-49-55,2008,12,14,24,34,39,49,55,2008-12-03
13-19-24-46-50-60,2011,12,13,19,24,46,50,60,2011-12-03
14-15-25-30-31-34,2014,12,14,15,25,30,31,34,2014-12-03
1-3-4-39-51-53,2016,12,1,3,4,39,51,53,2016-12-03
8-20-23-34-52-58,2003,12,8,20,23,34,52,58,2003-12-04
3-4-13-34-42-50,2006,12,3,4,13,34,42,50,2006-12-04
6-18-19-33-34-53,2008,12,6,18,19,33,34,53,2008-12-04
7-20-34-40-44-55,2014,12,7,20,34,40,44,55,2014-12-04
14-24-26-29-31-54,2001,12,14,24,26,29,31,54,2001-12-05
16-23-35-37-55-57,2004,12,16,23,35,37,55,57,2004-12-05
5-27-36-40-46-48,2007,12,5,27,36,40,46,48,2007-12-05
1-22-30-45-50-53,2010,12,1,22,30,45,50,53,2010-12-05
22-29-31-43-50-54,2012,12,22,29,31,43,50,54,2012-12-05
4-27-40-43-46-54,1999,12,4,27,40,43,46,54,1999-12-06
1-14-21-35-42-60,2002,12,1,14,21,35,42,60,2002-12-06
12-13-14-31-50-51,2004,12,12,13,14,31,50,51,2004-12-06
8-17-19-40-43-49,2010,12,8,17,19,40,43,49,2010-12-06
6-22-43-51-52-57,2013,12,6,22,43,51,52,57,2013-12-06
20-26-41-46-54-58,2003,12,20,26,41,46,54,58,2003-12-07
7-10-28-50-51-59,2006,12,7,10,28,50,51,59,2006-12-07
6-15-19-24-31-32,2008,12,6,15,19,24,31,32,2008-12-07
28-31-40-42-46-58,2014,12,28,31,40,42,46,58,2014-12-07
8-15-18-45-59-60,2016,12,8,15,18,45,59,60,2016-12-07
17-37-39-51-52-59,1996,12,17,37,39,51,52,59,1996-12-08
19-22-29-37-41-59,2000,12,19,22,29,37,41,59,2000-12-08
6-31-38-39-50-60,2006,12,6,31,38,39,50,60,2006-12-08
14-31-35-38-44-55,2009,12,14,31,35,38,44,55,2009-12-08
25-34-38-45-53-60,2015,12,25,34,38,45,53,60,2015-12-08
7-9-35-41-44-50,1998,12,7,9,35,41,44,50,1998-12-09
7-12-24-31-44-50,2001,12,7,12,24,31,44,50,2001-12-09
13-16-32-33-34-56,2007,12,13,16,32,33,34,56,2007-12-09
7-9-39-43-44-60,2009,12,7,9,39,43,44,60,2009-12-09
3-7-15-29-38-60,2012,12,3,7,15,29,38,60,2012-12-09
15-18-20-32-48-49,2015,12,15,18,20,32,48,49,2015-12-09
4-6-10-25-34-40,1997,12,4,6,10,25,34,40,1997-12-10
1-24-28-38-40-58,2002,12,1,24,28,38,40,58,2002-12-10
18-26-35-41-47-60,2006,12,18,26,35,41,47,60,2006-12-10
10-19-27-33-39-46,2003,12,10,19,27,33,39,46,2003-12-11
1-12-16-26-46-54,2005,12,1,12,16,26,46,54,2005-12-11
2-33-42-43-51-55,2008,12,2,33,42,43,51,55,2008-12-11
1-32-38-47-51-54,2011,12,1,32,38,47,51,54,2011-12-11
7-24-26-28-44-57,2014,12,7,24,26,28,44,57,2014-12-11
15-16-31-41-43-51,1998,12,15,16,31,41,43,51,1998-12-12
4-11-31-32-48-49,2001,12,4,11,31,32,48,49,2001-12-12
19-23-26-31-33-36,2007,12,19,23,26,31,33,36,2007-12-12
9-22-29-36-51-56,2009,12,9,22,29,36,51,56,2009-12-12
26-27-31-38-44-45,2012,12,26,27,31,38,44,45,2012-12-12
32-37-44-47-54-60,2015,12,32,37,44,47,54,60,2015-12-12
1-4-21-22-30-56,2001,1,1,4,21,22,30,56,2001-01-13
13-16-46-53-57-58,2007,1,13,16,46,53,57,58,2007-01-13
1-10-18-19-44-49,2010,1,1,10,18,19,44,49,2010-01-13
8-10-24-33-45-48,1999,2,8,10,24,33,45,48,1999-02-13
3-12-23-41-47-58,2008,2,3,12,23,41,47,58,2008-02-13
6-17-19-34-46-55,2010,2,6,17,19,34,46,55,2010-02-13
1-2-10-19-20-37,2013,2,1,2,10,19,20,37,2013-02-13
11-13-26-27-28-50,2016,2,11,13,26,27,28,50,2016-02-13
4-14-17-43-51-58,1999,3,4,14,17,43,51,58,1999-03-13
10-12-14-33-35-36,2002,3,10,12,14,33,35,36,2002-03-13
17-29-35-40-43-57,2004,3,17,29,35,40,43,57,2004-03-13
4-7-42-47-48-51,2010,3,4,7,42,47,48,51,2010-03-13
4-10-26-37-47-57,2013,3,4,10,26,37,47,57,2013-03-13
12-27-30-37-44-49,1997,4,12,27,30,37,44,49,1997-04-13
19-23-30-46-55-60,2002,4,19,23,30,46,55,60,2002-04-13
1-26-37-39-43-48,2005,4,1,26,37,39,43,48,2005-04-13
13-17-21-39-40-59,2011,4,13,17,21,39,40,59,2011-04-13
4-27-30-36-54-59,2013,4,4,27,30,36,54,59,2013-04-13
2-14-20-25-41-45,2016,4,2,14,20,25,41,45,2016-04-13
4-18-21-25-38-57,1996,5,4,18,21,25,38,57,1996-05-13
23-26-28-36-42-49,2000,5,23,26,28,36,42,49,2000-05-13
1-9-26-40-47-48,2006,5,1,9,26,40,47,48,2006-05-13
8-25-32-34-36-44,2009,5,8,25,32,34,36,44,2009-05-13
1-7-11-32-51-59,2015,5,1,7,11,32,51,59,2015-05-13
1-21-36-38-47-50,1998,6,1,21,36,38,47,50,1998-06-13
18-20-24-36-53-58,2007,6,18,20,24,36,53,58,2007-06-13
4-17-38-40-50-55,2009,6,4,17,38,40,50,55,2009-06-13
3-4-7-15-27-56,2012,6,3,4,7,15,27,56,2012-06-13
3-10-16-23-27-29,2015,6,3,10,16,23,27,29,2015-06-13
16-27-33-43-45-53,1997,7,16,27,33,43,45,53,1997-07-13
5-38-41-45-48-55,2002,7,5,38,41,45,48,55,2002-07-13
21-25-38-53-58-59,2005,7,21,25,38,53,58,59,2005-07-13
43-44-46-53-54-59,2011,7,43,44,46,53,54,59,2011-07-13
4-8-17-29-31-45,2013,7,4,8,17,29,31,45,2013-07-13
15-30-35-39-43-57,2003,8,15,30,35,39,43,57,2003-08-13
8-12-15-41-47-53,2005,8,8,12,15,41,47,53,2005-08-13
4-16-31-36-54-55,2008,8,4,16,31,36,54,55,2008-08-13
8-9-14-32-53-59,2011,8,8,9,14,32,53,59,2011-08-13
3-5-14-35-43-52,2014,8,3,5,14,35,43,52,2014-08-13
1-6-45-49-50-57,2016,8,1,6,45,49,50,57,2016-08-13
9-13-20-32-41-58,2003,9,9,13,20,32,41,58,2003-09-13
3-4-9-29-32-52,2006,9,3,4,9,29,32,52,2006-09-13
29-40-43-44-45-47,2008,9,29,40,43,44,45,47,2008-09-13
8-23-28-30-32-51,2014,9,8,23,28,30,32,51,2014-09-13
5-14-33-36-43-44,1996,10,5,14,33,36,43,44,1996-10-13
7-11-34-41-42-59,2001,10,7,11,34,41,42,59,2001-10-13
6-23-32-35-41-55,2004,10,6,23,32,35,41,55,2004-10-13
3-15-27-29-36-53,2007,10,3,15,27,29,36,53,2007-10-13
5-8-19-26-48-57,2010,10,5,8,19,26,48,57,2010-10-13
16-35-36-41-52-54,2011,10,16,35,36,41,52,54,2011-10-13
4-13-14-40-46-52,2012,10,4,13,14,40,46,52,2012-10-13
15-17-20-31-41-48,2015,10,15,17,20,31,41,48,2015-10-13
4-11-12-19-43-49,1999,11,4,11,12,19,43,49,1999-11-13
2-4-29-33-35-53,2002,11,2,4,29,33,35,53,2002-11-13
5-8-10-27-31-51,2004,11,5,8,10,27,31,51,2004-11-13
5-20-23-27-39-49,2010,11,5,20,23,27,39,49,2010-11-13
2-9-10-18-21-28,2013,11,2,9,10,18,21,28,2013-11-13
10-24-25-36-47-48,2015,11,10,24,25,36,47,48,2015-11-13
6-14-15-25-49-52,2003,12,6,14,15,25,49,52,2003-12-13
6-7-9-20-33-48,2006,12,6,7,9,20,33,48,2006-12-13
1-8-23-37-54-57,2008,12,1,8,23,37,54,57,2008-12-13
13-16-27-43-48-58,2014,12,13,16,27,43,48,58,2014-12-13
1-13-33-38-45-56,2004,1,1,13,33,38,45,56,2004-01-14
5-18-33-43-56-57,2006,1,5,18,33,43,56,57,2006-01-14
2-20-24-27-36-52,2009,1,2,20,24,27,36,52,2009-01-14
2-8-38-42-48-49,2012,1,2,8,38,42,48,49,2012-01-14
28-29-31-45-48-49,2015,1,28,29,31,45,48,49,2015-01-14
6-20-22-31-33-34,2016,1,6,20,22,31,33,34,2016-01-14
3-25-43-45-52-56,2004,2,3,25,43,45,52,56,2004-02-14
7-9-30-44-51-60,2007,2,7,9,30,44,51,60,2007-02-14
3-16-21-28-38-57,2009,2,3,16,21,28,38,57,2009-02-14
9-11-17-19-35-52,2015,2,9,11,17,19,35,52,2015-02-14
8-9-39-44-49-58,2007,3,8,9,39,44,49,58,2007-03-14
6-8-38-50-53-59,2009,3,6,8,38,50,53,59,2009-03-14
3-4-8-11-47-49,2012,3,3,4,8,11,47,49,2012-03-14
9-14-37-44-46-55,2015,3,9,14,37,44,46,55,2015-03-14
1-8-45-46-55-58,2001,4,1,8,45,46,55,58,2001-04-14
15-29-31-42-47-60,2004,4,15,29,31,42,47,60,2004-04-14
4-18-23-31-37-54,2007,4,4,18,23,31,37,54,2007-04-14
11-13-27-34-46-49,2010,4,11,13,27,34,46,49,2010-04-14
3-14-52-55-57-60,2012,4,3,14,52,55,57,60,2012-04-14
17-19-22-26-27-48,2003,5,17,19,22,26,27,48,2003-05-14
1-12-36-38-55-59,2005,5,1,12,36,38,55,59,2005-05-14
13-25-35-41-50-56,2008,5,13,25,35,41,50,56,2008-05-14
8-30-40-44-59-60,2011,5,8,30,40,44,59,60,2011-05-14
3-10-15-35-36-58,2014,5,3,10,15,35,36,58,2014-05-14
2-6-10-15-53-56,2016,5,2,6,10,15,53,56,2016-05-14
5-31-32-36-51-59,2003,6,5,31,32,36,51,59,2003-06-14
10-35-38-51-52-60,2006,6,10,35,38,51,52,60,2006-06-14
12-16-18-27-42-58,2008,6,12,16,18,27,42,58,2008-06-14
5-6-17-43-54-59,2014,6,5,6,17,43,54,59,2014-06-14
5-16-20-25-30-58,2001,7,5,16,20,25,30,58,2001-07-14
15-16-18-28-38-47,2004,7,15,16,18,28,38,47,2004-07-14
2-11-12-14-22-39,2007,7,2,11,12,14,22,39,2007-07-14
3-6-19-20-58-60,2010,7,3,6,19,20,58,60,2010-07-14
7-10-17-24-38-57,2012,7,7,10,17,24,38,57,2012-07-14
41-44-48-50-54-57,2016,7,41,44,48,50,54,57,2016-07-14
6-23-29-39-51-60,1999,8,6,23,29,39,51,60,1999-08-14
22-28-29-43-47-48,2002,8,22,28,29,43,47,48,2002-08-14
6-7-8-13-33-59,2004,8,6,7,8,13,33,59,2004-08-14
4-13-14-26-29-35,2010,8,4,13,14,26,29,35,2010-08-14
11-14-18-30-33-39,2013,8,11,14,18,30,33,39,2013-08-14
23-28-37-40-48-51,1997,9,23,28,37,40,48,51,1997-09-14
6-18-34-42-45-47,2002,9,6,18,34,42,45,47,2002-09-14
8-12-22-27-43-55,2005,9,8,12,22,27,43,55,2005-09-14
4-5-16-18-27-51,2011,9,4,5,16,18,27,51,2011-09-14
10-16-28-33-48-53,2013,9,10,16,28,33,48,53,2013-09-14
11-31-35-40-56-57,2000,10,11,31,35,40,56,57,2000-10-14
2-8-27-32-49-56,2006,10,2,8,27,32,49,56,2006-10-14
1-6-17-27-35-40,2009,10,1,6,17,27,35,40,2009-10-14
10-13-22-41-42-58,1998,11,10,13,22,41,42,58,1998-11-14
14-16-24-37-38-53,2001,11,14,16,24,37,38,53,2001-11-14
3-25-31-41-43-60,2007,11,3,25,31,41,43,60,2007-11-14
4-31-42-52-57-59,2009,11,4,31,42,52,57,59,2009-11-14
12-13-20-30-34-49,2012,11,12,13,20,30,34,49,2012-11-14
1-21-22-27-32-45,2014,11,1,21,22,27,32,45,2014-11-14
9-10-36-50-53-55,2015,11,9,10,36,50,53,55,2015-11-14
2-22-28-31-36-53,1997,12,2,22,28,31,36,53,1997-12-14
12-37-43-55-56-60,2002,12,12,37,43,55,56,60,2002-12-14
9-18-36-44-57-60,2005,12,9,18,36,44,57,60,2005-12-14
7-17-19-26-40-50,2011,12,7,17,19,26,40,50,2011-12-14
1-4-7-10-11-52,2013,12,1,4,7,10,11,52,2013-12-14
12-24-44-45-49-53,2000,1,12,24,44,45,49,53,2000-01-15
17-26-32-36-43-55,2003,1,17,26,32,36,43,55,2003-01-15
1-20-28-32-44-47,2005,1,1,20,28,32,44,47,2005-01-15
3-8-36-40-51-53,2011,1,3,8,36,40,51,53,2011-01-15
18-37-39-41-43-51,2014,1,18,37,39,41,43,51,2014-01-15
19-20-37-42-44-56,1998,2,19,20,37,42,44,56,1998-02-15
3-5-11-14-38-48,2003,2,3,5,11,14,38,48,2003-02-15
14-15-26-30-42-54,2006,2,14,15,26,30,42,54,2006-02-15
25-35-42-45-52-57,2012,2,25,35,42,45,52,57,2012-02-15
6-27-28-33-46-48,2014,2,6,27,28,33,46,48,2014-02-15
5-16-24-35-38-39,1998,3,5,16,24,35,38,39,1998-03-15
7-20-31-32-50-53,2003,3,7,20,31,32,50,53,2003-03-15
1-10-12-25-49-57,2006,3,1,10,12,25,49,57,2006-03-15
2-11-18-27-30-54,2008,3,2,11,18,27,30,54,2008-03-15
1-4-13-17-38-48,2014,3,1,4,13,17,38,48,2014-03-15
7-13-19-22-40-47,1996,4,7,13,19,22,40,47,1996-04-15
7-28-37-46-53-58,2000,4,7,28,37,46,53,58,2000-04-15
4-12-30-47-49-59,2006,4,4,12,30,47,49,59,2006-04-15
7-19-30-39-43-57,2009,4,7,19,30,39,43,57,2009-04-15
24-36-38-43-44-58,2015,4,24,36,38,43,44,58,2015-04-15
1-11-28-33-38-48,1999,5,1,11,28,33,38,48,1999-05-15
16-28-31-41-45-59,2002,5,16,28,31,41,45,59,2002-05-15
5-8-23-34-44-51,2004,5,5,8,23,34,44,51,2004-05-15
5-22-28-47-59-60,2010,5,5,22,28,47,59,60,2010-05-15
2-14-24-28-35-50,2013,5,2,14,24,28,35,50,2013-05-15
12-14-17-27-47-52,1997,6,12,14,17,27,47,52,1997-06-15
1-4-40-42-51-54,2002,6,1,4,40,42,51,54,2002-06-15
6-11-20-34-37-40,2005,6,6,11,20,34,37,40,2005-06-15
9-11-23-30-31-54,2011,6,9,11,23,30,31,54,2011-06-15
3-4-16-22-36-42,2013,6,3,4,16,22,36,42,2013-06-15
6-11-32-40-48-59,2016,6,6,11,32,40,48,59,2016-06-15
5-10-12-24-25-60,1996,7,5,10,12,24,25,60,1996-07-15
13-16-40-43-45-59,2000,7,13,16,40,43,45,59,2000-07-15
8-10-13-39-54-56,2006,7,8,10,13,39,54,56,2006-07-15
17-23-24-27-49-56,2009,7,17,23,24,27,49,56,2009-07-15
14-27-30-46-52-60,2015,7,14,27,30,46,52,60,2015-07-15
3-9-18-21-23-43,1998,8,3,9,18,21,23,43,1998-08-15
3-13-25-33-47-60,2001,8,3,13,25,33,47,60,2001-08-15
3-18-26-51-53-56,2007,8,3,18,26,51,53,56,2007-08-15
7-17-18-33-41-42,2009,8,7,17,18,33,41,42,2009-08-15
3-19-22-24-35-49,2012,8,3,19,22,24,35,49,2012-08-15
3-5-9-14-41-46,2015,8,3,5,9,14,41,46,2015-08-15
3-6-22-24-54-60,1996,9,3,6,22,24,54,60,1996-09-15
3-20-42-46-51-52,2001,9,3,20,42,46,51,52,2001-09-15
5-16-34-38-50-53,2004,9,5,16,34,38,50,53,2004-09-15
18-23-50-52-55-58,2007,9,18,23,50,52,55,58,2007-09-15
5-29-30-36-41-48,2010,9,5,29,30,36,41,48,2010-09-15
7-16-29-36-38-50,2012,9,7,16,29,36,38,50,2012-09-15
3-20-28-46-47-52,2003,10,3,20,28,46,47,52,2003-10-15
2-7-10-17-22-60,2005,10,2,7,10,17,22,60,2005-10-15
7-9-12-19-20-41,2008,10,7,9,12,19,20,41,2008-10-15
10-23-27-43-53-59,2011,10,10,23,27,43,53,59,2011-10-15
10-13-16-22-34-60,2014,10,10,13,16,22,34,60,2014-10-15
15-22-23-42-51-57,2015,10,15,22,23,42,51,57,2015-10-15
15-36-40-42-51-52,2003,11,15,36,40,42,51,52,2003-11-15
12-26-35-38-39-47,1996,12,12,26,35,38,39,47,1996-12-15
11-18-29-44-47-56,2001,12,11,18,29,44,47,56,2001-12-15
8-23-34-39-43-52,2004,12,8,23,34,39,43,52,2004-12-15
4-10-32-33-49-60,2007,12,4,10,32,33,49,60,2007-12-15
8-9-12-22-42-49,2010,12,8,9,12,22,42,49,2010-12-15
2-10-11-33-52-57,2012,12,2,10,11,33,52,57,2012-12-15
12-44-50-52-54-55,1999,1,12,44,50,52,54,55,1999-01-16
10-11-12-24-35-40,2002,1,10,11,12,24,35,40,2002-01-16
7-13-18-29-31-45,2008,1,7,13,18,29,31,45,2008-01-16
3-16-19-24-33-60,2010,1,3,16,19,24,33,60,2010-01-16
4-14-27-38-50-52,2013,1,4,14,27,38,50,52,2013-01-16
1-8-22-49-52-53,2016,1,1,8,22,49,52,53,2016-01-16
6-16-21-44-57-58,1997,2,6,16,21,44,57,58,1997-02-16
4-14-16-31-52-54,2002,2,4,14,16,31,52,54,2002-02-16
13-35-39-45-51-60,2005,2,13,35,39,45,51,60,2005-02-16
16-37-43-52-58-59,2008,2,16,37,43,52,58,59,2008-02-16
11-26-47-55-57-59,2011,2,11,26,47,55,57,59,2011-02-16
4-13-35-54-56-58,2013,2,4,13,35,54,56,58,2013-02-16
5-9-18-21-36-56,1997,3,5,9,18,21,36,56,1997-03-16
11-22-46-51-56-58,2002,3,11,22,46,51,56,58,2002-03-16
11-12-14-19-54-56,2005,3,11,12,14,19,54,56,2005-03-16
6-10-33-39-42-60,2011,3,6,10,33,39,42,60,2011-03-16
3-4-46-50-56-59,2013,3,3,4,46,50,56,59,2013-03-16
6-11-16-19-31-56,2016,3,6,11,16,19,31,56,2016-03-16
4-17-24-42-46-56,2003,4,4,17,24,42,46,56,2003-04-16
35-36-37-46-51-59,2005,4,35,36,37,46,51,59,2005-04-16
2-4-16-21-36-53,2008,4,2,4,16,21,36,53,2008-04-16
2-14-48-55-58-60,2011,4,2,14,48,55,58,60,2011-04-16
4-10-23-33-38-55,2014,4,4,10,23,33,38,55,2014-04-16
9-12-23-24-46-54,2016,4,9,12,23,24,46,54,2016-04-16
4-6-14-20-24-38,1998,5,4,6,14,20,24,38,1998-05-16
10-19-26-28-44-54,2007,5,10,19,26,28,44,54,2007-05-16
3-10-23-29-47-50,2009,5,3,10,23,29,47,50,2009-05-16
1-16-28-39-44-57,2012,5,1,16,28,39,44,57,2012-05-16
25-27-29-37-50-51,2015,5,25,27,29,37,50,51,2015-05-16
22-39-45-53-57-59,2001,6,22,39,45,53,57,59,2001-06-16
3-9-16-20-33-60,2004,6,3,9,16,20,33,60,2004-06-16
4-8-12-41-45-60,2007,6,4,8,12,41,45,60,2007-06-16
9-20-44-52-59-60,2010,6,9,20,44,52,59,60,2010-06-16
14-32-33-40-42-51,2012,6,14,32,33,40,42,51,2012-06-16
14-33-36-38-41-49,2003,7,14,33,36,38,41,49,2003-07-16
4-27-36-37-47-60,2005,7,4,27,36,37,47,60,2005-07-16
13-27-31-34-47-58,2008,7,13,27,31,34,47,58,2008-07-16
3-16-23-25-51-56,2011,7,3,16,23,25,51,56,2011-07-16
3-23-26-31-47-54,2014,7,3,23,26,31,47,54,2014-07-16
5-8-24-30-57-59,2016,7,5,8,24,30,57,59,2016-07-16
17-28-33-36-53-59,2003,8,17,28,33,36,53,59,2003-08-16
2-6-19-22-28-43,2006,8,2,6,19,22,28,43,2006-08-16
7-15-20-21-23-29,2008,8,7,15,20,21,23,29,2008-08-16
20-26-32-41-45-57,2014,8,20,26,32,41,45,57,2014-08-16
7-31-36-45-56-57,2000,9,7,31,36,45,56,57,2000-09-16
19-29-35-42-55-57,2006,9,19,29,35,42,55,57,2006-09-16
6-8-11-14-29-52,2009,9,6,8,11,14,29,52,2009-09-16
11-19-21-23-27-52,2015,9,11,19,21,23,27,52,2015-09-16
4-15-31-38-41-53,1999,10,4,15,31,38,41,53,1999-10-16
24-29-34-47-57-60,2002,10,24,29,34,47,57,60,2002-10-16
6-11-19-27-41-59,2004,10,6,11,19,27,41,59,2004-10-16
15-17-35-42-47-48,2010,10,15,17,35,42,47,48,2010-10-16
8-10-20-26-49-58,2013,10,8,10,20,26,49,58,2013-10-16
13-34-42-44-55-59,1997,11,13,34,42,44,55,59,1997-11-16
16-26-35-45-52-58,2002,11,16,26,35,45,52,58,2002-11-16
7-8-17-35-39-53,2005,11,7,8,17,35,39,53,2005-11-16
20-21-30-40-47-52,2006,11,20,21,30,40,47,52,2006-11-16
5-21-31-39-40-56,2008,11,5,21,31,39,40,56,2008-11-16
2-20-35-38-45-51,2011,11,2,20,35,38,45,51,2011-11-16
19-41-42-44-47-54,2013,11,19,41,42,44,47,54,2013-11-16
7-25-41-42-43-55,2000,12,7,25,41,42,43,55,2000-12-16
10-21-28-40-41-47,2006,12,10,21,28,40,41,47,2006-12-16
4-5-6-19-23-39,2009,12,4,5,6,19,23,39,2009-12-16
11-26-27-30-34-41,2015,12,11,26,27,30,34,41,2015-12-16
1-6-21-25-32-49,2004,1,1,6,21,25,32,49,2004-01-17
10-16-17-34-44-51,2007,1,10,16,17,34,44,51,2007-01-17
1-6-28-39-44-55,2009,1,1,6,28,39,44,55,2009-01-17
1-17-19-30-33-47,2015,1,1,17,19,30,33,47,2015-01-17
13-15-20-33-43-58,2001,2,13,15,20,33,43,58,2001-02-17
1-16-34-36-45-48,2007,2,1,16,34,36,45,48,2007-02-17
4-12-14-21-26-28,2010,2,4,12,14,21,26,28,2010-02-17
12-18-46-50-53-55,2016,2,12,18,46,50,53,55,2016-02-17
8-9-26-43-50-53,2001,3,8,9,26,43,50,53,2001-03-17
4-5-13-17-46-54,2004,3,4,5,13,17,46,54,2004-03-17
7-22-25-44-59-60,2007,3,7,22,25,44,59,60,2007-03-17
18-22-25-30-31-41,2010,3,18,22,25,30,31,41,2010-03-17
3-36-40-46-58-60,2012,3,3,36,40,46,58,60,2012-03-17
8-27-36-41-53-56,1999,4,8,27,36,41,53,56,1999-04-17
7-16-38-40-41-52,2002,4,7,16,38,40,41,52,2002-04-17
5-23-31-33-45-49,2004,4,5,23,31,33,45,49,2004-04-17
3-10-13-30-41-57,2010,4,3,10,13,30,41,57,2010-04-17
1-6-10-34-40-54,2013,4,1,6,10,34,40,54,2013-04-17
2-3-7-18-45-53,2003,5,2,3,7,18,45,53,2003-05-17
5-21-28-34-54-57,2008,5,5,21,28,34,54,57,2008-05-17
9-23-32-35-46-57,2014,5,9,23,32,35,46,57,2014-05-17
12-33-35-51-52-60,1996,6,12,33,35,51,52,60,1996-06-17
7-16-18-20-21-44,2000,6,7,16,18,20,21,44,2000-06-17
3-5-14-29-34-51,2006,6,3,5,14,29,34,51,2006-06-17
10-20-23-28-42-43,2009,6,10,20,23,28,42,43,2009-06-17
2-8-24-36-51-52,2015,6,2,8,24,36,51,52,2015-06-17
1-3-4-28-45-53,1999,7,1,3,4,28,45,53,1999-07-17
24-33-40-41-55-59,2002,7,24,33,40,41,55,59,2002-07-17
14-17-25-30-39-52,2004,7,14,17,25,30,39,52,2004-07-17
36-37-39-49-54-60,2010,7,36,37,39,49,54,60,2010-07-17
11-28-35-42-46-58,2013,7,11,28,35,42,46,58,2013-07-17
8-17-18-23-33-53,1997,8,8,17,18,23,33,53,1997-08-17
23-36-48-52-53-58,2002,8,23,36,48,52,53,58,2002-08-17
8-16-37-50-55-58,2005,8,8,16,37,50,55,58,2005-08-17
7-9-12-19-45-54,2011,8,7,9,12,19,45,54,2011-08-17
5-8-23-32-33-56,2013,8,5,8,23,32,33,56,2013-08-17
9-40-41-50-55-58,2016,8,9,40,41,50,55,58,2016-08-17
2-6-28-49-50-57,2003,9,2,6,28,49,50,57,2003-09-17
4-6-12-37-41-42,2008,9,4,6,12,37,41,42,2008-09-17
17-24-25-38-41-55,2011,9,17,24,25,38,41,55,2011-09-17
19-26-33-35-51-52,2014,9,19,26,33,35,51,52,2014-09-17
15-16-19-22-26-49,1998,10,15,16,19,22,26,49,1998-10-17
5-11-27-38-53-60,2001,10,5,11,27,38,53,60,2001-10-17
1-6-28-29-46-49,2007,10,1,6,28,29,46,49,2007-10-17
8-20-21-43-44-55,2009,10,8,20,21,43,44,55,2009-10-17
3-18-22-34-55-58,2012,10,3,18,22,34,55,58,2012-10-17
9-36-37-53-55-60,2015,10,9,36,37,53,55,60,2015-10-17
6-7-22-38-52-60,1996,11,6,7,22,38,52,60,1996-11-17
5-32-34-37-40-58,2001,11,5,32,34,37,40,58,2001-11-17
2-12-16-24-26-54,2004,11,2,12,16,24,26,54,2004-11-17
5-17-24-52-55-57,2007,11,5,17,24,52,55,57,2007-11-17
8-11-12-15-18-22,2010,11,8,11,12,15,18,22,2010-11-17
12-20-32-48-52-54,2012,11,12,20,32,48,52,54,2012-11-17
28-39-40-44-45-58,2003,12,28,39,40,44,45,58,2003-12-17
1-6-16-36-50-52,2005,12,1,6,16,36,50,52,2005-12-17
24-33-40-43-46-49,2008,12,24,33,40,43,46,49,2008-12-17
12-32-40-47-48-59,2011,12,12,32,40,47,48,59,2011-12-17
4-16-18-31-45-46,2013,12,4,16,18,31,45,46,2013-12-17
10-14-25-29-33-57,2014,12,10,14,25,29,33,57,2014-12-17
13-14-31-33-35-43,1998,1,13,14,31,33,35,43,1998-01-18
8-10-21-25-38-50,2003,1,8,10,21,25,38,50,2003-01-18
2-15-16-45-50-54,2006,1,2,15,16,45,50,54,2006-01-18
11-17-24-39-46-49,2012,1,11,17,24,39,46,49,2012-01-18
5-6-11-32-36-60,2014,1,5,6,11,32,36,60,2014-01-18
6-16-19-47-50-55,2004,2,6,16,19,47,50,55,2004-02-18
6-10-35-45-49-56,2006,2,6,10,35,45,49,56,2006-02-18
2-5-17-29-34-52,2009,2,2,5,17,29,34,52,2009-02-18
10-13-20-40-44-53,2012,2,10,13,20,40,44,53,2012-02-18
1-2-27-28-46-47,2015,2,1,2,27,28,46,47,2015-02-18
9-37-39-41-43-49,1996,3,9,37,39,41,43,49,1996-03-18
10-20-33-40-45-50,2000,3,10,20,33,40,45,50,2000-03-18
2-3-12-21-23-56,2006,3,2,3,12,21,23,56,2006-03-18
2-3-4-15-49-59,2009,3,2,3,4,15,49,59,2009-03-18
15-24-37-46-49-58,2015,3,15,24,37,46,49,58,2015-03-18
4-22-25-32-33-52,1998,4,4,22,25,32,33,52,1998-04-18
9-12-34-46-47-57,2007,4,9,12,34,46,47,57,2007-04-18
6-10-25-32-43-49,2009,4,6,10,25,32,43,49,2009-04-18
11-27-30-40-44-57,2012,4,11,27,30,40,44,57,2012-04-18
1-12-17-31-37-46,2015,4,1,12,17,31,37,46,2015-04-18
9-25-26-40-41-49,1997,5,9,25,26,40,41,49,1997-05-18
7-20-33-37-46-56,2002,5,7,20,33,37,46,56,2002-05-18
7-8-18-25-47-48,2005,5,7,8,18,25,47,48,2005-05-18
3-7-45-47-53-55,2006,5,3,7,45,47,53,55,2006-05-18
20-21-26-29-31-36,2011,5,20,21,26,29,31,36,2011-05-18
4-13-14-44-49-57,2013,5,4,13,14,44,49,57,2013-05-18
17-18-26-30-33-37,2016,5,17,18,26,30,33,37,2016-05-18
3-4-12-29-38-51,2003,6,3,4,12,29,38,51,2003-06-18
18-22-29-32-38-42,2005,6,18,22,29,32,38,42,2005-06-18
3-15-28-31-39-51,2008,6,3,15,28,31,39,51,2008-06-18
1-13-24-40-44-50,2011,6,1,13,24,40,44,50,2011-06-18
2-6-13-26-53-60,2014,6,2,6,13,26,53,60,2014-06-18
7-13-24-30-32-53,2016,6,7,13,24,30,32,53,2016-06-18
5-15-34-41-52-57,1998,7,5,15,34,41,52,57,1998-07-18
4-13-31-33-47-51,2007,7,4,13,31,33,47,51,2007-07-18
1-9-30-33-34-40,2009,7,1,9,30,33,34,40,2009-07-18
18-29-31-42-43-53,2012,7,18,29,31,42,43,53,2012-07-18
27-33-37-39-58-60,2015,7,27,33,37,39,58,60,2015-07-18
6-9-11-17-18-50,2001,8,6,9,11,17,18,50,2001-08-18
4-5-18-25-28-51,2004,8,4,5,18,25,28,51,2004-08-18
20-24-28-37-41-44,2007,8,20,24,28,37,41,44,2007-08-18
2-6-11-36-37-48,2010,8,2,6,11,36,37,48,2010-08-18
5-12-45-52-56-59,2012,8,5,12,45,52,56,59,2012-08-18
17-22-43-46-55-59,1999,9,17,22,43,46,55,59,1999-09-18
1-2-5-24-32-46,2002,9,1,2,5,24,32,46,2002-09-18
4-6-9-23-45-51,2004,9,4,6,9,23,45,51,2004-09-18
10-25-30-47-50-51,2010,9,10,25,30,47,50,51,2010-09-18
12-13-24-41-42-44,2013,9,12,13,24,41,42,44,2013-09-18
4-15-31-34-37-38,2003,10,4,15,31,34,37,38,2003-10-18
2-15-21-31-46-57,2006,10,2,15,21,31,46,57,2006-10-18
8-9-25-41-57-60,2008,10,8,9,25,41,57,60,2008-10-18
8-18-21-31-37-38,2014,10,8,18,21,31,37,38,2014-10-18
2-16-32-37-43-57,2000,11,2,16,32,37,43,57,2000-11-18
10-29-30-34-43-52,2006,11,10,29,30,34,43,52,2006-11-18
5-8-14-24-29-30,2009,11,5,8,14,24,29,30,2009-11-18
26-32-42-45-55-59,2015,11,26,32,42,45,55,59,2015-11-18
1-8-18-23-35-40,1999,12,1,8,18,23,35,40,1999-12-18
8-22-32-33-40-53,2002,12,8,22,32,33,40,53,2002-12-18
12-24-32-40-42-59,2004,12,12,24,32,40,42,59,2004-12-18
10-13-25-26-28-45,2010,12,10,13,25,26,28,45,2010-12-18
2-14-28-50-57-58,2012,12,2,14,28,50,57,58,2012-12-18
1-23-24-32-46-60,1997,1,1,23,24,32,46,60,1997-01-19
2-4-14-23-37-51,2002,1,2,4,14,23,37,51,2002-01-19
2-19-28-48-51-54,2005,1,2,19,28,48,51,54,2005-01-19
5-14-22-29-33-44,2008,1,5,14,22,29,33,44,2008-01-19
1-2-24-40-51-59,2011,1,1,2,24,40,51,59,2011-01-19
31-36-44-47-49-54,2013,1,31,36,44,47,49,54,2013-01-19
3-7-19-24-53-55,2000,2,3,7,19,24,53,55,2000-02-19
13-20-29-42-43-57,2003,2,13,20,29,42,43,57,2003-02-19
12-19-42-46-59-60,2005,2,12,19,42,46,59,60,2005-02-19
4-6-39-46-54-58,2011,2,4,6,39,46,54,58,2011-02-19
1-4-5-14-45-56,2014,2,1,4,5,14,45,56,2014-02-19
8-11-12-17-20-47,2003,3,8,11,12,17,20,47,2003-03-19
5-23-29-42-45-48,2005,3,5,23,29,42,45,48,2005-03-19
1-16-39-42-48-55,2008,3,1,16,39,42,48,55,2008-03-19
4-20-30-41-47-58,2011,3,4,20,30,41,47,58,2011-03-19
2-9-17-18-45-47,2014,3,2,9,17,18,45,47,2014-03-19
6-19-34-43-45-54,2016,3,6,19,34,43,45,54,2016-03-19
2-14-15-17-50-59,2003,4,2,14,15,17,50,59,2003-04-19
5-27-37-38-41-50,2006,4,5,27,37,38,41,50,2006-04-19
2-11-40-48-49-55,2008,4,2,11,40,48,49,55,2008-04-19
31-36-38-41-42-49,2014,4,31,36,38,41,42,49,2014-04-19
9-10-24-36-56-58,2001,5,9,10,24,36,56,58,2001-05-19
10-13-20-32-38-49,2004,5,10,13,20,32,38,49,2004-05-19
21-22-25-40-51-57,2007,5,21,22,25,40,51,57,2007-05-19
12-30-34-44-57-60,2010,5,12,30,34,44,57,60,2010-05-19
4-19-27-28-29-31,2012,5,4,19,27,28,29,31,2012-05-19
10-14-26-35-36-49,1999,6,10,14,26,35,36,49,1999-06-19
4-18-23-33-39-60,2002,6,4,18,23,33,39,60,2002-06-19
6-17-22-29-40-59,2004,6,6,17,22,29,40,59,2004-06-19
14-21-27-31-35-50,2010,6,14,21,27,31,35,50,2010-06-19
2-10-12-30-41-42,2013,6,2,10,12,30,41,42,2013-06-19
6-13-22-24-42-44,2003,7,6,13,22,24,42,44,2003-07-19
2-11-23-35-42-59,2006,7,2,11,23,35,42,59,2006-07-19
8-17-46-48-56-60,2008,7,8,17,46,48,56,60,2008-07-19
9-20-24-43-51-52,2014,7,9,20,24,43,51,52,2014-07-19
1-8-14-28-33-43,1996,8,1,8,14,28,33,43,1996-08-19
3-7-24-32-36-45,2000,8,3,7,24,32,36,45,2000-08-19
9-14-19-35-42-58,2006,8,9,14,19,35,42,58,2006-08-19
6-7-10-12-24-57,2009,8,6,7,10,12,24,57,2009-08-19
12-17-25-29-41-52,2015,8,12,17,25,29,41,52,2015-08-19
5-6-19-34-39-57,1998,9,5,6,19,34,39,57,1998-09-19
1-20-28-33-36-41,2001,9,1,20,28,33,36,41,2001-09-19
17-23-48-50-53-54,2005,9,17,23,48,50,53,54,2005-09-19
5-17-20-32-41-55,2007,9,5,17,20,32,41,55,2007-09-19
6-14-26-28-42-45,2009,9,6,14,26,28,42,45,2009-09-19
6-15-18-24-30-44,2012,9,6,15,18,24,30,44,2012-09-19
4-10-29-31-34-35,2015,9,4,10,29,31,34,35,2015-09-19
6-15-30-37-45-47,1997,10,6,15,30,37,45,47,1997-10-19
2-12-32-38-47-48,2002,10,2,12,32,38,47,48,2002-10-19
1-8-10-36-43-51,2005,10,1,8,10,36,43,51,2005-10-19
7-8-11-39-43-50,2011,10,7,8,11,39,43,50,2011-10-19
3-17-27-32-47-54,2013,10,3,17,27,32,47,54,2013-10-19
15-16-39-45-48-57,2003,11,15,16,39,45,48,57,2003-11-19
4-12-24-33-36-54,2005,11,4,12,24,33,36,54,2005-11-19
2-7-8-18-40-45,2008,11,2,7,8,18,40,45,2008-11-19
1-18-19-33-43-60,2011,11,1,18,19,33,43,60,2011-11-19
7-16-33-42-50-58,2014,11,7,16,33,42,50,58,2014-11-19
25-32-34-42-51-60,1998,12,25,32,34,42,51,60,1998-12-19
26-31-33-40-49-54,2001,12,26,31,33,40,49,54,2001-12-19
6-7-8-27-45-53,2006,12,6,7,8,27,45,53,2006-12-19
16-27-35-39-49-57,2007,12,16,27,35,39,49,57,2007-12-19
7-31-32-34-37-43,2009,12,7,31,32,34,37,43,2009-12-19
7-15-17-31-42-54,2013,12,7,15,17,31,42,54,2013-12-19
2-20-27-28-32-38,2015,12,2,20,27,28,32,38,2015-12-19
16-19-20-32-44-55,2001,1,16,19,20,32,44,55,2001-01-20
18-31-33-49-57-58,2007,1,18,31,33,49,57,58,2007-01-20
6-10-28-33-34-53,2010,1,6,10,28,33,34,53,2010-01-20
6-18-34-47-52-57,2016,1,6,18,34,47,52,57,2016-01-20
12-30-32-35-43-44,1999,2,12,30,32,35,43,44,1999-02-20
1-4-9-36-46-48,2002,2,1,4,9,36,46,48,2002-02-20
4-8-27-44-54-59,2008,2,4,8,27,44,54,59,2008-02-20
20-28-40-41-51-58,2010,2,20,28,40,41,51,58,2010-02-20
2-34-36-38-51-55,2013,2,2,34,36,38,51,55,2013-02-20
2-16-17-18-41-47,2016,2,2,16,17,18,41,47,2016-02-20
9-11-16-35-50-58,1999,3,9,11,16,35,50,58,1999-03-20
7-12-41-46-56-60,2002,3,7,12,41,46,56,60,2002-03-20
4-13-28-30-53-59,2004,3,4,13,28,30,53,59,2004-03-20
5-17-31-47-51-53,2010,3,5,17,31,47,51,53,2010-03-20
10-27-37-40-47-55,2013,3,10,27,37,40,47,55,2013-03-20
2-8-13-28-34-54,1997,4,2,8,13,28,34,54,1997-04-20
2-14-22-23-37-60,2002,4,2,14,22,23,37,60,2002-04-20
16-20-33-58-59-60,2005,4,16,20,33,58,59,60,2005-04-20
6-12-28-43-52-56,2010,4,6,12,28,43,52,56,2010-04-20
5-9-11-22-36-40,2011,4,5,9,11,22,36,40,2011-04-20
5-13-16-17-27-55,2012,4,5,13,16,17,27,55,2012-04-20
4-9-17-23-28-53,2013,4,4,9,17,23,28,53,2013-04-20
1-10-25-43-50-56,2016,4,1,10,25,43,50,56,2016-04-20
15-25-37-38-58-59,1996,5,15,25,37,38,58,59,1996-05-20
13-14-36-53-55-60,2000,5,13,14,36,53,55,60,2000-05-20
10-12-16-21-39-53,2009,5,10,12,16,21,39,53,2009-05-20
12-31-34-36-48-56,2015,5,12,31,34,36,48,56,2015-05-20
3-16-27-40-45-46,1998,6,3,16,27,40,45,46,1998-06-20
13-15-20-28-31-36,2007,6,13,15,20,28,31,36,2007-06-20
5-20-29-33-40-59,2009,6,5,20,29,33,40,59,2009-06-20
34-39-43-56-57-60,2012,6,34,39,43,56,57,60,2012-06-20
16-20-35-40-53-60,2015,6,16,20,35,40,53,60,2015-06-20
1-19-34-43-44-48,1997,7,1,19,34,43,44,48,1997-07-20
13-22-30-31-47-57,2002,7,13,22,30,31,47,57,2002-07-20
2-11-12-35-40-43,2005,7,2,11,12,35,40,43,2005-07-20
2-10-15-44-56-57,2011,7,2,10,15,44,56,57,2011-07-20
17-28-31-56-57-58,2013,7,17,28,31,56,57,58,2013-07-20
7-22-28-32-56-58,2016,7,7,22,28,32,56,58,2016-07-20
5-11-23-29-54-58,2003,8,5,11,23,29,54,58,2003-08-20
11-18-33-57-58-60,2005,8,11,18,33,57,58,60,2005-08-20
9-17-18-32-53-55,2008,8,9,17,18,32,53,55,2008-08-20
5-20-22-28-29-30,2011,8,5,20,22,28,29,30,2011-08-20
26-29-34-38-50-60,2014,8,26,29,34,38,50,60,2014-08-20
3-5-11-27-35-44,2016,8,3,5,11,27,35,44,2016-08-20
1-4-5-11-44-59,2003,9,1,4,5,11,44,59,2003-09-20
1-7-11-37-38-56,2006,9,1,7,11,37,38,56,2006-09-20
2-4-17-33-48-55,2008,9,2,4,17,33,48,55,2008-09-20
1-5-24-47-55-56,2014,9,1,5,24,47,55,56,2014-09-20
5-17-33-39-42-49,1996,10,5,17,33,39,42,49,1996-10-20
19-30-41-47-56-57,2001,10,19,30,41,47,56,57,2001-10-20
6-13-19-24-30-37,2004,10,6,13,19,24,30,37,2004-10-20
4-19-21-26-29-54,2007,10,4,19,21,26,29,54,2007-10-20
19-21-27-41-53-57,2010,10,19,21,27,41,53,57,2010-10-20
4-15-45-47-50-52,2012,10,4,15,45,47,50,52,2012-10-20
25-28-32-33-42-43,1999,11,25,28,32,33,42,43,1999-11-20
1-4-27-38-42-44,2002,11,1,4,27,38,42,44,2002-11-20
3-5-25-33-36-49,2004,11,3,5,25,33,36,49,2004-11-20
22-29-32-49-54-59,2010,11,22,29,32,49,54,59,2010-11-20
10-12-16-20-32-53,2013,11,10,12,16,20,32,53,2013-11-20
19-29-34-41-47-48,2003,12,19,29,34,41,47,48,2003-12-20
15-16-26-29-43-57,2008,12,15,16,26,29,43,57,2008-12-20
11-34-45-48-51-54,2010,12,11,34,45,48,51,54,2010-12-20
9-19-45-46-54-56,2011,12,9,19,45,46,54,56,2011-12-20
6-13-25-32-47-57,2012,12,6,13,25,32,47,57,2012-12-20
18-20-27-40-49-55,2014,12,18,20,27,40,49,55,2014-12-20
1-3-7-18-35-50,2004,1,1,3,7,18,35,50,2004-01-21
6-15-16-23-28-35,2006,1,6,15,16,23,28,35,2006-01-21
10-12-36-44-54-57,2009,1,10,12,36,44,54,57,2009-01-21
6-13-21-22-31-46,2012,1,6,13,21,22,31,46,2012-01-21
21-27-31-45-55-56,2015,1,21,27,31,45,55,56,2015-01-21
4-22-28-30-44-49,2004,2,4,22,28,30,44,49,2004-02-21
14-24-26-33-45-60,2009,2,14,24,26,33,45,60,2009-02-21
23-37-38-46-47-51,2015,2,23,37,38,46,47,51,2015-02-21
3-16-19-32-35-58,2007,3,3,16,19,32,35,58,2007-03-21
18-20-24-45-51-57,2009,3,18,20,24,45,51,57,2009-03-21
7-27-39-52-55-57,2012,3,7,27,39,52,55,57,2012-03-21
18-23-30-32-42-56,2015,3,18,23,30,32,42,56,2015-03-21
5-6-10-21-33-47,2001,4,5,6,10,21,33,47,2001-04-21
8-10-17-30-33-45,2004,4,8,10,17,30,33,45,2004-04-21
6-24-33-38-45-50,2003,5,6,24,33,38,45,50,2003-05-21
7-16-26-29-45-55,2005,5,7,16,26,29,45,55,2005-05-21
3-10-16-30-37-50,2006,5,3,10,16,30,37,50,2006-05-21
4-11-14-33-44-45,2008,5,4,11,14,33,44,45,2008-05-21
10-15-28-31-33-38,2011,5,10,15,28,31,33,38,2011-05-21
8-10-24-45-56-60,2014,5,8,10,24,45,56,60,2014-05-21
3-19-23-27-40-45,2016,5,3,19,23,27,40,45,2016-05-21
7-23-41-49-51-58,2003,6,7,23,41,49,51,58,2003-06-21
5-10-37-46-54-58,2006,6,5,10,37,46,54,58,2006-06-21
15-17-29-35-36-59,2008,6,15,17,29,35,36,59,2008-06-21
1-4-9-35-36-53,2014,6,1,4,9,35,36,53,2014-06-21
5-11-31-38-47-53,2001,7,5,11,31,38,47,53,2001-07-21
13-29-40-45-51-59,2004,7,13,29,40,45,51,59,2004-07-21
17-33-37-50-55-59,2007,7,17,33,37,50,55,59,2007-07-21
22-29-36-41-48-58,2010,7,22,29,36,41,48,58,2010-07-21
4-19-20-24-39-43,2012,7,4,19,20,24,39,43,2012-07-21
1-27-33-35-51-55,1999,8,1,27,33,35,51,55,1999-08-21
5-14-18-43-46-54,2002,8,5,14,18,43,46,54,2002-08-21
1-3-18-34-50-58,2004,8,1,3,18,34,50,58,2004-08-21
9-11-22-32-35-56,2010,8,9,11,22,32,35,56,2010-08-21
22-25-31-39-41-44,2013,8,22,25,31,39,41,44,2013-08-21
10-23-41-47-54-60,1997,9,10,23,41,47,54,60,1997-09-21
7-16-22-28-36-37,2002,9,7,16,22,28,36,37,2002-09-21
2-3-14-24-31-40,2005,9,2,3,14,24,31,40,2005-09-21
10-47-51-53-59-60,2011,9,10,47,51,53,59,60,2011-09-21
2-11-23-31-42-44,2013,9,2,11,23,31,42,44,2013-09-21
4-7-21-22-28-56,2000,10,4,7,21,22,28,56,2000-10-21
5-11-15-23-25-30,2006,10,5,11,15,23,25,30,2006-10-21
10-34-41-44-45-54,2009,10,10,34,41,44,45,54,2009-10-21
8-15-29-35-45-54,2015,10,8,15,29,35,45,54,2015-10-21
8-15-19-20-54-59,1998,11,8,15,19,20,54,59,1998-11-21
12-21-22-28-43-50,2001,11,12,21,22,28,43,50,2001-11-21
1-9-35-41-48-57,2007,11,1,9,35,41,48,57,2007-11-21
8-16-24-39-52-60,2009,11,8,16,24,39,52,60,2009-11-21
2-5-27-28-48-55,2012,11,2,5,27,28,48,55,2012-11-21
9-12-15-21-31-36,2015,11,9,12,15,21,31,36,2015-11-21
8-18-28-51-52-55,1997,12,8,18,28,51,52,55,1997-12-21
18-27-29-36-46-59,2002,12,18,27,29,36,46,59,2002-12-21
17-27-34-48-51-55,2005,12,17,27,34,48,51,55,2005-12-21
18-24-30-42-51-56,2006,12,18,24,30,42,51,56,2006-12-21
8-12-16-29-37-58,2013,12,8,12,16,29,37,58,2013-12-21
11-19-29-44-47-55,2000,1,11,19,29,44,47,55,2000-01-22
26-37-40-47-52-58,2003,1,26,37,40,47,52,58,2003-01-22
5-11-22-27-46-50,2005,1,5,11,22,27,46,50,2005-01-22
5-27-34-46-48-52,2011,1,5,27,34,46,48,52,2011-01-22
2-15-30-38-48-53,2014,1,2,15,30,38,48,53,2014-01-22
1-7-9-49-54-57,1998,2,1,7,9,49,54,57,1998-02-22
3-5-23-30-46-47,2003,2,3,5,23,30,46,47,2003-02-22
12-16-28-29-47-50,2006,2,12,16,28,29,47,50,2006-02-22
2-24-26-32-35-50,2012,2,2,24,26,32,35,50,2012-02-22
13-15-21-26-30-46,2014,2,13,15,21,26,30,46,2014-02-22
2-4-16-24-51-52,1998,3,2,4,16,24,51,52,1998-03-22
15-24-25-33-42-55,2003,3,15,24,25,33,42,55,2003-03-22
1-2-7-19-35-51,2006,3,1,2,7,19,35,51,2006-03-22
5-8-18-24-33-57,2008,3,5,8,18,24,33,57,2008-03-22
3-22-27-28-50-54,2014,3,3,22,27,28,50,54,2014-03-22
3-5-20-21-38-56,1996,4,3,5,20,21,38,56,1996-04-22
14-18-30-35-42-59,2000,4,14,18,30,35,42,59,2000-04-22
12-17-18-30-32-58,2006,4,12,17,18,30,32,58,2006-04-22
4-10-14-25-28-56,2009,4,4,10,14,25,28,56,2009-04-22
8-23-30-51-53-58,2015,4,8,23,30,51,53,58,2015-04-22
2-9-31-35-45-50,1999,5,2,9,31,35,45,50,1999-05-22
19-29-39-47-49-54,2002,5,19,29,39,47,49,54,2002-05-22
7-31-34-35-37-45,2004,5,7,31,34,35,37,45,2004-05-22
18-20-26-31-44-45,2010,5,18,20,26,31,44,45,2010-05-22
14-18-28-41-47-54,2013,5,14,18,28,41,47,54,2013-05-22
1-3-12-13-53-59,1997,6,1,3,12,13,53,59,1997-06-22
16-17-24-39-46-57,2002,6,16,17,24,39,46,57,2002-06-22
24-25-30-42-43-50,2005,6,24,25,30,42,43,50,2005-06-22
4-6-29-48-50-51,2011,6,4,6,29,48,50,51,2011-06-22
1-2-6-9-16-32,2013,6,1,2,6,9,16,32,2013-06-22
3-7-29-37-54-60,2016,6,3,7,29,37,54,60,2016-06-22
11-25-28-30-33-51,1996,7,11,25,28,30,33,51,1996-07-22
11-13-21-33-39-45,2000,7,11,13,21,33,39,45,2000-07-22
4-8-21-32-43-48,2006,7,4,8,21,32,43,48,2006-07-22
19-23-27-38-41-49,2009,7,19,23,27,38,41,49,2009-07-22
16-18-26-30-31-34,2015,7,16,18,26,30,31,34,2015-07-22
1-9-10-32-46-54,1998,8,1,9,10,32,46,54,1998-08-22
6-7-20-25-30-36,2001,8,6,7,20,25,30,36,2001-08-22
2-41-43-55-57-58,2007,8,2,41,43,55,57,58,2007-08-22
9-11-23-35-46-51,2009,8,9,11,23,35,46,51,2009-08-22
7-8-10-12-27-56,2012,8,7,8,10,12,27,56,2012-08-22
6-16-33-34-45-46,2015,8,6,16,33,34,45,46,2015-08-22
3-8-14-43-56-58,1996,9,3,8,14,43,56,58,1996-09-22
5-22-23-24-34-60,2001,9,5,22,23,24,34,60,2001-09-22
16-18-31-34-39-54,2004,9,16,18,31,34,39,54,2004-09-22
32-44-48-51-53-59,2007,9,32,44,48,51,53,59,2007-09-22
4-7-13-25-27-58,2010,9,4,7,13,25,27,58,2010-09-22
8-39-44-47-53-56,2012,9,8,39,44,47,53,56,2012-09-22
3-5-27-33-44-58,2003,10,3,5,27,33,44,58,2003-10-22
7-9-13-39-45-47,2005,10,7,9,13,39,45,47,2005-10-22
3-8-17-26-28-49,2008,10,3,8,17,26,28,49,2008-10-22
8-18-21-30-48-49,2011,10,8,18,21,30,48,49,2011-10-22
19-23-34-40-41-58,2014,10,19,23,34,40,41,58,2014-10-22
5-13-24-33-34-35,2003,11,5,13,24,33,34,35,2003-11-22
8-9-22-25-41-44,2006,11,8,9,22,25,41,44,2006-11-22
18-22-28-29-39-53,2008,11,18,22,28,29,39,53,2008-11-22
7-24-28-46-53-56,2014,11,7,24,28,46,53,56,2014-11-22
7-11-19-24-33-36,1996,12,7,11,19,24,33,36,1996-12-22
8-15-22-25-30-47,2001,12,8,15,22,25,30,47,2001-12-22
7-8-18-22-39-49,2004,12,7,8,18,22,39,49,2004-12-22
20-28-37-46-49-55,2007,12,20,28,37,46,49,55,2007-12-22
19-21-25-28-43-50,2009,12,19,21,25,28,43,50,2009-12-22
9-19-23-29-32-57,2010,12,9,19,23,29,32,57,2010-12-22
7-12-38-39-45-56,2011,12,7,12,38,39,45,56,2011-12-22
4-27-29-41-48-52,2012,12,4,27,29,41,48,52,2012-12-22
12-19-27-39-41-45,2015,12,12,19,27,39,41,45,2015-12-22
3-16-20-43-52-56,1999,1,3,16,20,43,52,56,1999-01-23
1-13-20-27-35-37,2002,1,1,13,20,27,35,37,2002-01-23
2-21-22-30-41-52,2008,1,2,21,22,30,41,52,2008-01-23
6-23-31-33-39-52,2010,1,6,23,31,33,39,52,2010-01-23
5-9-25-27-38-40,2013,1,5,9,25,27,38,40,2013-01-23
4-6-16-18-21-38,2016,1,4,6,16,18,21,38,2016-01-23
17-23-24-25-42-47,1997,2,17,23,24,25,42,47,1997-02-23
5-12-13-16-27-50,2002,2,5,12,13,16,27,50,2002-02-23
1-9-13-17-33-34,2005,2,1,9,13,17,33,34,2005-02-23
1-5-12-47-52-59,2008,2,1,5,12,47,52,59,2008-02-23
19-23-29-31-41-53,2011,2,19,23,29,31,41,53,2011-02-23
10-25-33-36-40-58,2013,2,10,25,33,36,40,58,2013-02-23
2-14-23-29-38-52,1997,3,2,14,23,29,38,52,1997-03-23
1-10-12-26-48-52,2002,3,1,10,12,26,48,52,2002-03-23
9-24-33-41-48-54,2005,3,9,24,33,41,48,54,2005-03-23
3-16-17-44-53-60,2011,3,3,16,17,44,53,60,2011-03-23
21-48-50-54-57-60,2013,3,21,48,50,54,57,60,2013-03-23
2-6-13-14-17-44,2016,3,2,6,13,14,17,44,2016-03-23
3-17-22-27-33-40,2003,4,3,17,22,27,33,40,2003-04-23
3-6-11-20-36-41,2005,4,3,6,11,20,36,41,2005-04-23
2-8-17-22-42-44,2007,4,2,8,17,22,42,44,2007-04-23
15-17-37-48-50-59,2008,4,15,17,37,48,50,59,2008-04-23
12-18-31-50-59-60,2011,4,12,18,31,50,59,60,2011-04-23
4-9-17-18-21-38,2014,4,4,9,17,18,21,38,2014-04-23
5-17-32-35-37-57,2016,4,5,17,32,35,37,57,2016-04-23
5-13-32-36-42-51,1998,5,5,13,32,36,42,51,1998-05-23
27-29-42-49-50-51,2007,5,27,29,42,49,50,51,2007-05-23
4-10-19-32-33-42,2009,5,4,10,19,32,33,42,2009-05-23
7-12-19-34-40-53,2012,5,7,12,19,34,40,53,2012-05-23
7-16-20-27-36-52,2015,5,7,16,20,27,36,52,2015-05-23
4-26-38-40-52-56,2001,6,4,26,38,40,52,56,2001-06-23
2-10-17-23-32-44,2004,6,2,10,17,23,32,44,2004-06-23
11-12-37-38-43-54,2007,6,11,12,37,38,43,54,2007-06-23
10-11-19-37-53-56,2010,6,10,11,19,37,53,56,2010-06-23
9-26-34-43-53-54,2012,6,9,26,34,43,53,54,2012-06-23
12-13-33-53-54-56,2003,7,12,13,33,53,54,56,2003-07-23
17-19-33-37-40-50,2005,7,17,19,33,37,40,50,2005-07-23
2-21-27-29-32-38,2008,7,2,21,27,29,32,38,2008-07-23
8-19-46-51-52-54,2011,7,8,19,46,51,52,54,2011-07-23
5-8-17-42-46-47,2014,7,5,8,17,42,46,47,2014-07-23
15-17-33-41-47-48,2016,7,15,17,33,41,47,48,2016-07-23
1-9-15-22-43-55,2003,8,1,9,15,22,43,55,2003-08-23
9-29-34-43-45-56,2006,8,9,29,34,43,45,56,2006-08-23
3-4-21-22-28-32,2008,8,3,4,21,22,28,32,2008-08-23
4-20-24-35-47-59,2014,8,4,20,24,35,47,59,2014-08-23
9-13-15-37-41-42,2000,9,9,13,15,37,41,42,2000-09-23
11-19-20-22-42-48,2006,9,11,19,20,22,42,48,2006-09-23
4-9-25-32-33-43,2009,9,4,9,25,32,33,43,2009-09-23
9-12-14-29-42-56,2015,9,9,12,14,29,42,56,2015-09-23
2-18-22-49-51-57,2002,10,2,18,22,49,51,57,2002-10-23
2-6-15-58-59-60,2004,10,2,6,15,58,59,60,2004-10-23
31-32-34-40-50-55,2010,10,31,32,34,40,50,55,2010-10-23
5-24-37-44-49-58,2013,10,5,24,37,44,49,58,2013-10-23
9-21-26-40-52-54,1997,11,9,21,26,40,52,54,1997-11-23
1-13-23-33-54-56,2002,11,1,13,23,33,54,56,2002-11-23
2-7-16-29-32-50,2005,11,2,7,16,29,32,50,2005-11-23
7-10-14-16-54-59,2011,11,7,10,14,16,54,59,2011-11-23
9-13-21-27-36-56,2013,11,9,13,21,27,36,56,2013-11-23
15-23-30-34-49-55,2000,12,15,23,30,34,49,55,2000-12-23
23-28-38-42-50-53,2006,12,23,28,38,42,50,53,2006-12-23
4-9-12-13-52-53,2004,1,4,9,12,13,52,53,2004-01-24
17-22-28-38-52-59,2007,1,17,22,28,38,52,59,2007-01-24
13-18-25-30-46-51,2009,1,13,18,25,30,46,51,2009-01-24
1-3-5-10-20-42,2015,1,1,3,5,10,20,42,2015-01-24
4-6-33-43-59-60,2001,2,4,6,33,43,59,60,2001-02-24
16-24-34-44-54-57,2007,2,16,24,34,44,54,57,2007-02-24
9-24-31-44-48-49,2010,2,9,24,31,44,48,49,2010-02-24
13-14-22-54-56-58,2016,2,13,14,22,54,56,58,2016-02-24
1-5-13-25-31-33,2001,3,1,5,13,25,31,33,2001-03-24
14-47-49-51-58-59,2004,3,14,47,49,51,58,59,2004-03-24
6-14-23-34-38-44,2007,3,6,14,23,34,38,44,2007-03-24
6-14-17-26-40-49,2010,3,6,14,17,26,40,49,2010-03-24
6-21-28-31-33-43,2012,3,6,21,28,31,33,43,2012-03-24
4-10-14-19-28-44,1999,4,4,10,14,19,28,44,1999-04-24
5-19-21-54-56-58,2002,4,5,19,21,54,56,58,2002-04-24
8-12-18-23-38-49,2004,4,8,12,18,23,38,49,2004-04-24
5-7-24-25-36-47,2010,4,5,7,24,25,36,47,2010-04-24
4-22-25-38-45-51,2013,4,4,22,25,38,45,51,2013-04-24
1-22-31-46-51-57,2003,5,1,22,31,46,51,57,2003-05-24
1-19-24-42-50-58,2006,5,1,19,24,42,50,58,2006-05-24
15-18-31-33-34-56,2008,5,15,18,31,33,34,56,2008-05-24
8-12-22-35-40-44,2014,5,8,12,22,35,40,44,2014-05-24
20-32-34-49-58-60,1996,6,20,32,34,49,58,60,1996-06-24
2-4-16-21-37-58,2000,6,2,4,16,21,37,58,2000-06-24
12-27-42-46-47-50,2006,6,12,27,42,46,47,50,2006-06-24
12-21-39-40-50-55,2009,6,12,21,39,40,50,55,2009-06-24
2-25-36-41-42-53,2015,6,2,25,36,41,42,53,2015-06-24
22-35-38-39-41-59,1999,7,22,35,38,39,41,59,1999-07-24
9-10-28-46-55-56,2002,7,9,10,28,46,55,56,2002-07-24
6-7-20-41-43-55,2004,7,6,7,20,41,43,55,2004-07-24
16-19-23-28-39-58,2010,7,16,19,23,28,39,58,2010-07-24
16-17-23-42-59-60,2013,7,16,17,23,42,59,60,2013-07-24
21-29-40-49-54-57,1997,8,21,29,40,49,54,57,1997-08-24
7-12-22-34-38-53,2002,8,7,12,22,34,38,53,2002-08-24
13-14-17-31-41-50,2005,8,13,14,17,31,41,50,2005-08-24
1-4-26-39-43-49,2011,8,1,4,26,39,43,49,2011-08-24
2-12-40-46-52-53,2013,8,2,12,40,46,52,53,2013-08-24
23-24-32-38-40-41,2016,8,23,24,32,38,40,41,2016-08-24
1-13-23-31-48-60,2005,9,1,13,23,31,48,60,2005-09-24
4-27-36-37-49-52,2008,9,4,27,36,37,49,52,2008-09-24
10-21-43-47-53-55,2011,9,10,21,43,47,53,55,2011-09-24
1-2-38-41-42-58,2014,9,1,2,38,41,42,58,2014-09-24
5-14-27-37-40-41,1998,10,5,14,27,37,40,41,1998-10-24
5-10-21-32-40-42,1999,10,5,10,21,32,40,42,1999-10-24
13-16-17-26-41-44,2001,10,13,16,17,26,41,44,2001-10-24
14-30-36-38-46-59,2007,10,14,30,36,38,46,59,2007-10-24
7-35-40-44-50-55,2009,10,7,35,40,44,50,55,2009-10-24
1-13-23-24-30-57,2012,10,1,13,23,24,30,57,2012-10-24
20-27-30-31-40-53,2015,10,20,27,30,31,40,53,2015-10-24
10-42-43-45-54-55,1996,11,10,42,43,45,54,55,1996-11-24
6-24-28-43-51-56,2001,11,6,24,28,43,51,56,2001-11-24
3-8-10-13-24-60,2004,11,3,8,10,13,24,60,2004-11-24
12-13-19-41-45-49,2007,11,12,13,19,41,45,49,2007-11-24
3-5-19-24-30-35,2010,11,3,5,19,24,30,35,2010-11-24
5-19-32-41-49-58,2012,11,5,19,32,41,49,58,2012-11-24
6-16-23-24-28-38,1998,12,6,16,23,24,28,38,1998-12-24
10-16-37-50-52-57,1999,12,10,16,37,50,52,57,1999-12-24
5-6-17-33-39-54,2008,12,5,6,17,33,39,54,2008-12-24
2-4-15-18-25-36,2009,12,2,4,15,18,25,36,2009-12-24
2-8-15-25-34-45,2010,12,2,8,15,25,34,45,2010-12-24
9-19-20-50-51-60,2011,12,9,19,20,50,51,60,2011-12-24
8-21-23-29-36-48,2014,12,8,21,23,29,36,48,2014-12-24
15-30-39-41-45-59,2015,12,15,30,39,41,45,59,2015-12-24
11-24-30-33-46-60,1998,1,11,24,30,33,46,60,1998-01-25
4-13-17-27-39-50,2003,1,4,13,17,27,39,50,2003-01-25
6-17-19-49-50-53,2006,1,6,17,19,49,50,53,2006-01-25
1-19-24-26-52-55,2012,1,1,19,24,26,52,55,2012-01-25
19-24-25-28-42-58,2014,1,19,24,25,28,42,58,2014-01-25
24-26-27-36-39-59,2006,2,24,26,27,36,39,59,2006-02-25
7-10-11-13-43-57,2009,2,7,10,11,13,43,57,2009-02-25
12-27-37-44-54-59,2012,2,12,27,37,44,54,59,2012-02-25
1-6-8-11-33-50,2015,2,1,6,8,11,33,50,2015-02-25
10-11-29-30-36-47,1996,3,10,11,29,30,36,47,1996-03-25
6-15-29-45-57-59,2000,3,6,15,29,45,57,59,2000-03-25
4-24-47-48-50-57,2006,3,4,24,47,48,50,57,2006-03-25
1-12-14-16-37-45,2009,3,1,12,14,16,37,45,2009-03-25
2-5-13-27-41-53,2015,3,2,5,13,27,41,53,2015-03-25
12-20-34-37-42-43,1998,4,12,20,34,37,42,43,1998-04-25
39-40-42-47-59-60,2007,4,39,40,42,47,59,60,2007-04-25
25-27-44-47-48-57,2009,4,25,27,44,47,48,57,2009-04-25
7-9-23-44-46-55,2012,4,7,9,23,44,46,55,2012-04-25
11-13-24-28-44-45,2015,4,11,13,24,28,44,45,2015-04-25
8-12-23-50-54-60,1997,5,8,12,23,50,54,60,1997-05-25
5-29-44-51-57-59,2002,5,5,29,44,51,57,59,2002-05-25
1-4-5-16-23-49,2005,5,1,4,5,16,23,49,2005-05-25
2-5-28-33-51-52,2011,5,2,5,28,33,51,52,2011-05-25
4-5-7-27-45-58,2013,5,4,5,7,27,45,58,2013-05-25
19-22-31-36-52-53,2016,5,19,22,31,36,52,53,2016-05-25
3-12-32-34-40-50,2003,6,3,12,32,34,40,50,2003-06-25
9-15-32-41-42-49,2005,6,9,15,32,41,42,49,2005-06-25
1-8-34-41-53-58,2008,6,1,8,34,41,53,58,2008-06-25
2-5-15-20-43-57,2011,6,2,5,15,20,43,57,2011-06-25
24-28-47-50-51-58,2014,6,24,28,47,50,51,58,2014-06-25
15-27-28-32-48-55,2016,6,15,27,28,32,48,55,2016-06-25
25-41-47-53-56-59,1998,7,25,41,47,53,56,59,1998-07-25
1-12-21-32-34-44,2007,7,1,12,21,32,34,44,2007-07-25
9-10-21-36-41-48,2009,7,9,10,21,36,41,48,2009-07-25
6-19-26-47-50-58,2012,7,6,19,26,47,50,58,2012-07-25
3-10-42-49-54-57,2015,7,3,10,42,49,54,57,2015-07-25
24-43-50-54-55-56,1996,8,24,43,50,54,55,56,1996-08-25
7-25-26-30-40-57,2001,8,7,25,26,30,40,57,2001-08-25
13-14-42-47-55-59,2004,8,13,14,42,47,55,59,2004-08-25
5-11-22-31-35-41,2007,8,5,11,22,31,35,41,2007-08-25
1-12-20-26-45-54,2010,8,1,12,20,26,45,54,2010-08-25
17-21-30-48-52-58,2012,8,17,21,30,48,52,58,2012-08-25
14-23-24-25-26-51,1999,9,14,23,24,25,26,51,1999-09-25
11-16-27-47-55-59,2002,9,11,16,27,47,55,59,2002-09-25
10-19-22-29-30-37,2004,9,10,19,22,29,30,37,2004-09-25
5-11-15-28-43-50,2010,9,5,11,15,28,43,50,2010-09-25
13-21-29-34-47-57,2013,9,13,21,29,34,47,57,2013-09-25
5-10-15-45-46-56,2003,10,5,10,15,45,46,56,2003-10-25
1-4-5-33-37-48,2006,10,1,4,5,33,37,48,2006-10-25
5-9-11-20-25-60,2008,10,5,9,11,20,25,60,2008-10-25
12-17-23-38-53-54,2014,10,12,17,23,38,53,54,2014-10-25
3-10-23-30-34-46,2000,11,3,10,23,30,34,46,2000-11-25
5-19-25-46-51-58,2006,11,5,19,25,46,51,58,2006-11-25
12-17-19-32-47-55,2009,11,12,17,19,32,47,55,2009-11-25
6-7-29-39-41-55,2015,11,6,7,29,39,41,55,2015-11-25
3-17-25-35-48-56,1997,1,3,17,25,35,48,56,1997-01-26
23-28-29-34-42-44,2002,1,23,28,29,34,42,44,2002-01-26
10-13-24-41-42-56,2005,1,10,13,24,41,42,56,2005-01-26
15-27-35-50-57-59,2008,1,15,27,35,50,57,59,2008-01-26
2-14-35-39-49-51,2011,1,2,14,35,39,49,51,2011-01-26
13-22-28-29-40-48,2013,1,13,22,28,29,40,48,2013-01-26
15-23-24-25-47-57,2000,2,15,23,24,25,47,57,2000-02-26
2-10-15-21-58-59,2003,2,2,10,15,21,58,59,2003-02-26
17-36-40-44-51-56,2005,2,17,36,40,44,51,56,2005-02-26
10-14-22-41-42-53,2011,2,10,14,22,41,42,53,2011-02-26
11-14-25-32-51-59,2014,2,11,14,25,32,51,59,2014-02-26
3-5-9-45-51-52,2003,3,3,5,9,45,51,52,2003-03-26
10-24-25-29-53-59,2005,3,10,24,25,29,53,59,2005-03-26
5-12-21-32-33-35,2008,3,5,12,21,32,33,35,2008-03-26
4-5-15-17-27-51,2011,3,4,5,15,17,27,51,2011-03-26
2-43-47-48-49-55,2014,3,2,43,47,48,49,55,2014-03-26
4-8-29-38-49-50,2016,3,4,8,29,38,49,50,2016-03-26
15-17-24-27-32-48,2003,4,15,17,24,27,32,48,2003-04-26
1-23-36-43-47-59,2006,4,1,23,36,43,47,59,2006-04-26
8-13-20-26-33-42,2008,4,8,13,20,26,33,42,2008-04-26
6-7-8-23-43-53,2014,4,6,7,8,23,43,53,2014-04-26
10-17-23-27-47-52,2001,5,10,17,23,27,47,52,2001-05-26
6-13-17-18-20-37,2004,5,6,13,17,18,20,37,2004-05-26
8-21-34-40-43-52,2007,5,8,21,34,40,43,52,2007-05-26
2-4-29-52-56-60,2010,5,2,4,29,52,56,60,2010-05-26
2-8-12-28-33-43,2012,5,2,8,12,28,33,43,2012-05-26
17-28-29-42-49-50,1999,6,17,28,29,42,49,50,1999-06-26
1-5-10-24-31-33,2002,6,1,5,10,24,31,33,2002-06-26
5-18-21-29-35-48,2004,6,5,18,21,29,35,48,2004-06-26
3-11-16-22-25-33,2010,6,3,11,16,22,25,33,2010-06-26
3-14-18-34-42-49,2013,6,3,14,18,34,42,49,2013-06-26
16-18-23-35-44-59,2003,7,16,18,23,35,44,59,2003-07-26
8-27-37-42-53-56,2006,7,8,27,37,42,53,56,2006-07-26
2-10-15-18-29-39,2008,7,2,10,15,18,29,39,2008-07-26
13-23-27-34-38-57,2014,7,13,23,27,34,38,57,2014-07-26
15-25-41-42-45-54,2000,8,15,25,41,42,45,54,2000-08-26
3-15-16-33-51-57,2006,8,3,15,16,33,51,57,2006-08-26
10-19-28-41-55-56,2009,8,10,19,28,41,55,56,2009-08-26
12-13-24-29-32-41,2015,8,12,13,24,29,32,41,2015-08-26
4-25-32-36-52-60,1998,9,4,25,32,36,52,60,1998-09-26
2-5-7-33-49-53,2001,9,2,5,7,33,49,53,2001-09-26
2-4-15-16-55-57,2007,9,2,4,15,16,55,57,2007-09-26
4-32-34-43-52-58,2009,9,4,32,34,43,52,58,2009-09-26
7-15-19-34-37-55,2012,9,7,15,19,34,37,55,2012-09-26
9-13-18-47-52-60,2015,9,9,13,18,47,52,60,2015-09-26
6-21-22-34-36-54,1997,10,6,21,22,34,36,54,1997-10-26
14-28-33-44-49-56,2002,10,14,28,33,44,49,56,2002-10-26
4-6-9-22-29-44,2005,10,4,6,9,22,29,44,2005-10-26
9-24-26-39-46-57,2011,10,9,24,26,39,46,57,2011-10-26
7-11-12-30-39-57,2013,10,7,11,12,30,39,57,2013-10-26
7-8-28-32-38-51,2003,11,7,8,28,32,38,51,2003-11-26
6-17-23-28-35-41,2005,11,6,17,23,28,35,41,2005-11-26
10-27-28-29-40-52,2008,11,10,27,28,29,40,52,2008-11-26
13-21-30-36-59-60,2011,11,13,21,30,36,59,60,2011-11-26
4-6-11-43-54-56,2014,11,4,6,11,43,54,56,2014-11-26
9-28-31-36-37-42,2009,12,9,28,31,36,37,42,2009-12-26
1-12-20-30-52-60,2015,12,1,12,20,30,52,60,2015-12-26
2-21-26-32-34-52,2001,1,2,21,26,32,34,52,2001-01-27
5-6-16-24-34-60,2007,1,5,6,16,24,34,60,2007-01-27
27-28-29-32-48-55,2010,1,27,28,29,32,48,55,2010-01-27
4-15-26-30-54-55,2016,1,4,15,26,30,54,55,2016-01-27
17-23-42-49-52-55,1999,2,17,23,42,49,52,55,1999-02-27
9-10-12-33-42-60,2002,2,9,10,12,33,42,60,2002-02-27
3-5-11-14-33-58,2008,2,3,5,11,14,33,58,2008-02-27
9-29-41-43-46-49,2010,2,9,29,41,43,46,49,2010-02-27
12-18-23-25-45-50,2013,2,12,18,23,25,45,50,2013-02-27
1-5-34-37-40-60,2016,2,1,5,34,37,40,60,2016-02-27
2-13-42-52-54-58,1999,3,2,13,42,52,54,58,1999-03-27
19-30-33-39-40-52,2002,3,19,30,33,39,40,52,2002-03-27
8-13-22-46-51-58,2004,3,8,13,22,46,51,58,2004-03-27
20-40-42-52-54-60,2010,3,20,40,42,52,54,60,2010-03-27
9-14-21-26-36-52,2013,3,9,14,21,26,36,52,2013-03-27
3-14-15-20-21-38,1997,4,3,14,15,20,21,38,1997-04-27
2-30-32-35-45-53,2002,4,2,30,32,35,45,53,2002-04-27
14-29-34-40-51-52,2005,4,14,29,34,40,51,52,2005-04-27
4-16-24-25-30-56,2011,4,4,16,24,25,30,56,2011-04-27
1-15-24-26-28-48,2013,4,1,15,24,26,28,48,2013-04-27
20-23-32-34-37-45,2016,4,20,23,32,34,37,45,2016-04-27
4-16-19-20-27-43,1996,5,4,16,19,20,27,43,1996-05-27
13-27-43-50-54-58,2000,5,13,27,43,50,54,58,2000-05-27
15-22-32-38-50-54,2006,5,15,22,32,38,50,54,2006-05-27
5-6-9-11-18-37,2009,5,5,6,9,11,18,37,2009-05-27
17-29-32-38-45-50,2015,5,17,29,32,38,45,50,2015-05-27
2-29-41-44-53-55,1998,6,2,29,41,44,53,55,1998-06-27
10-28-29-35-42-46,2007,6,10,28,29,35,42,46,2007-06-27
2-4-6-10-23-45,2009,6,2,4,6,10,23,45,2009-06-27
11-12-25-33-48-54,2012,6,11,12,25,33,48,54,2012-06-27
2-9-16-37-44-58,2015,6,2,9,16,37,44,58,2015-06-27
25-26-28-45-51-57,1997,7,25,26,28,45,51,57,1997-07-27
31-34-37-38-53-54,2002,7,31,34,37,38,53,54,2002-07-27
5-12-27-33-43-56,2005,7,5,12,27,33,43,56,2005-07-27
7-14-15-20-23-35,2011,7,7,14,15,20,23,35,2011-07-27
4-13-14-18-49-59,2013,7,4,13,14,18,49,59,2013-07-27
3-6-13-38-49-51,2016,7,3,6,13,38,49,51,2016-07-27
2-6-15-18-56-57,2003,8,2,6,15,18,56,57,2003-08-27
15-19-29-37-41-53,2005,8,15,19,29,37,41,53,2005-08-27
18-24-36-44-55-58,2008,8,18,24,36,44,55,58,2008-08-27
38-42-44-52-58-60,2011,8,38,42,44,52,58,60,2011-08-27
1-7-30-43-44-54,2014,8,1,7,30,43,44,54,2014-08-27
8-18-21-22-35-37,2016,8,8,18,21,22,35,37,2016-08-27
21-29-35-36-38-54,2003,9,21,29,35,36,38,54,2003-09-27
6-14-18-24-48-60,2006,9,6,14,18,24,48,60,2006-09-27
7-13-15-34-42-48,2008,9,7,13,15,34,42,48,2008-09-27
16-29-34-35-49-51,2014,9,16,29,34,35,49,51,2014-09-27
13-15-17-40-53-57,1996,10,13,15,17,40,53,57,1996-10-27
4-11-25-29-39-55,2001,10,4,11,25,29,39,55,2001-10-27
25-30-43-45-47-49,2004,10,25,30,43,45,47,49,2004-10-27
9-12-23-33-45-51,2007,10,9,12,23,33,45,51,2007-10-27
10-31-40-50-55-56,2010,10,10,31,40,50,55,56,2010-10-27
22-23-26-37-38-48,2012,10,22,23,26,37,38,48,2012-10-27
3-9-17-32-37-44,1999,11,3,9,17,32,37,44,1999-11-27
7-12-21-25-34-42,2002,11,7,12,21,25,34,42,2002-11-27
8-12-14-16-19-46,2004,11,8,12,14,16,19,46,2004-11-27
10-16-20-26-49-55,2010,11,10,16,20,26,49,55,2010-11-27
2-15-19-21-23-38,2013,11,2,15,19,21,23,38,2013-11-27
8-10-24-26-32-49,2003,12,8,10,24,26,32,49,2003-12-27
1-3-18-20-42-49,2008,12,1,3,18,20,42,49,2008-12-27
13-18-21-27-53-59,2004,1,13,18,21,27,53,59,2004-01-28
2-12-26-31-43-46,2006,1,2,12,26,31,43,46,2006-01-28
14-21-25-48-51-60,2009,1,14,21,25,48,51,60,2009-01-28
3-15-16-35-37-47,2012,1,3,15,16,35,37,47,2012-01-28
5-10-23-24-35-47,2015,1,5,10,23,24,35,47,2015-01-28
13-27-49-52-57-58,2004,2,13,27,49,52,57,58,2004-02-28
14-19-20-40-48-52,2007,2,14,19,20,40,48,52,2007-02-28
8-11-15-16-52-57,2009,2,8,11,15,16,52,57,2009-02-28
7-13-35-37-39-51,2015,2,7,13,35,37,39,51,2015-02-28
30-38-46-51-56-59,2007,3,30,38,46,51,56,59,2007-03-28
1-3-16-18-41-42,2009,3,1,3,16,18,41,42,2009-03-28
14-25-28-45-53-58,2012,3,14,25,28,45,53,58,2012-03-28
21-24-26-35-45-53,2015,3,21,24,26,35,45,53,2015-03-28
17-18-19-25-49-52,2001,4,17,18,19,25,49,52,2001-04-28
7-14-31-57-58-59,2004,4,7,14,31,57,58,59,2004-04-28
2-8-11-12-19-35,2007,4,2,8,11,12,19,35,2007-04-28
6-7-39-47-51-52,2010,4,6,7,39,47,51,52,2010-04-28
2-18-30-31-45-56,2012,4,2,18,30,31,45,56,2012-04-28
11-16-28-29-30-45,2003,5,11,16,28,29,30,45,2003-05-28
1-2-14-33-49-56,2005,5,1,2,14,33,49,56,2005-05-28
1-8-30-36-47-53,2008,5,1,8,30,36,47,53,2008-05-28
11-12-31-33-42-52,2011,5,11,12,31,33,42,52,2011-05-28
13-20-27-31-53-60,2014,5,13,20,27,31,53,60,2014-05-28
1-22-26-43-50-53,2016,5,1,22,26,43,50,53,2016-05-28
6-8-19-22-43-52,2003,6,6,8,19,22,43,52,2003-06-28
3-15-35-41-57-60,2006,6,3,15,35,41,57,60,2006-06-28
8-12-24-40-43-49,2008,6,8,12,24,40,43,49,2008-06-28
6-13-17-36-42-51,2014,6,6,13,17,36,42,51,2014-06-28
9-14-23-24-33-36,2001,7,9,14,23,24,33,36,2001-07-28
7-8-23-30-32-53,2004,7,7,8,23,30,32,53,2004-07-28
24-40-50-52-54-60,2007,7,24,40,50,52,54,60,2007-07-28
3-10-11-39-54-56,2010,7,3,10,11,39,54,56,2010-07-28
18-29-40-42-50-54,2012,7,18,29,40,42,50,54,2012-07-28
3-5-10-28-46-60,1999,8,3,5,10,28,46,60,1999-08-28
4-7-15-16-35-40,2002,8,4,7,15,16,35,40,2002-08-28
1-25-27-29-49-59,2004,8,1,25,27,29,49,59,2004-08-28
5-14-17-30-35-38,2010,8,5,14,17,30,35,38,2010-08-28
2-26-30-35-46-54,2013,8,2,26,30,35,46,54,2013-08-28
15-18-29-36-51-53,1997,9,15,18,29,36,51,53,1997-09-28
10-13-28-29-54-59,2002,9,10,13,28,29,54,59,2002-09-28
1-18-45-56-57-58,2005,9,1,18,45,56,57,58,2005-09-28
6-15-25-37-48-55,2011,9,6,15,25,37,48,55,2011-09-28
1-12-28-29-34-48,2013,9,1,12,28,29,34,48,2013-09-28
11-16-20-23-32-47,2000,10,11,16,20,23,32,47,2000-10-28
10-28-32-41-47-57,2006,10,10,28,32,41,47,57,2006-10-28
4-17-18-54-56-59,2009,10,4,17,18,54,56,59,2009-10-28
2-5-8-18-30-48,2015,10,2,5,8,18,30,48,2015-10-28
6-18-20-40-50-53,1998,11,6,18,20,40,50,53,1998-11-28
16-20-27-30-35-48,2001,11,16,20,27,30,35,48,2001-11-28
2-15-39-50-53-57,2007,11,2,15,39,50,53,57,2007-11-28
5-18-23-32-49-54,2009,11,5,18,23,32,49,54,2009-11-28
6-13-24-32-40-51,2012,11,6,13,24,32,40,51,2012-11-28
1-6-28-37-56-58,2015,11,1,6,28,37,56,58,2015-11-28
6-40-45-46-50-60,1997,12,6,40,45,46,50,60,1997-12-28
6-10-16-34-42-47,2002,12,6,10,16,34,42,47,2002-12-28
29-31-39-41-51-58,2000,1,29,31,39,41,51,58,2000-01-29
16-17-28-30-36-54,2003,1,16,17,28,30,36,54,2003-01-29
8-20-26-37-42-49,2005,1,8,20,26,37,42,49,2005-01-29
2-17-23-43-44-51,2011,1,2,17,23,43,44,51,2011-01-29
5-15-18-31-42-53,2014,1,5,15,18,31,42,53,2014-01-29
21-24-29-34-59-60,1998,3,21,24,29,34,59,60,1998-03-29
1-8-24-34-49-56,2003,3,1,8,24,34,49,56,2003-03-29
10-17-33-42-54-58,2006,3,10,17,33,42,54,58,2006-03-29
46-47-51-54-57-59,2008,3,46,47,51,54,57,59,2008-03-29
8-39-43-46-47-58,2014,3,8,39,43,46,47,58,2014-03-29
4-17-37-38-47-53,1996,4,4,17,37,38,47,53,1996-04-29
3-27-32-45-49-51,2000,4,3,27,32,45,49,51,2000-04-29
30-31-39-45-48-59,2006,4,30,31,39,45,48,59,2006-04-29
9-17-28-45-49-53,2009,4,9,17,28,45,49,53,2009-04-29
1-6-10-30-33-38,2015,4,1,6,10,30,33,38,2015-04-29
1-13-21-37-51-52,1999,5,1,13,21,37,51,52,1999-05-29
19-23-34-37-52-58,2002,5,19,23,34,37,52,58,2002-05-29
11-31-38-41-57-58,2004,5,11,31,38,41,57,58,2004-05-29
5-10-12-20-29-37,2010,5,5,10,12,20,29,37,2010-05-29
6-11-27-40-46-49,2013,5,6,11,27,40,46,49,2013-05-29
25-34-45-53-56-58,1997,6,25,34,45,53,56,58,1997-06-29
2-5-16-26-44-54,2002,6,2,5,16,26,44,54,2002-06-29
8-10-25-32-48-55,2005,6,8,10,25,32,48,55,2005-06-29
10-14-43-46-49-53,2011,6,10,14,43,46,49,53,2011-06-29
24-46-50-51-52-56,2013,6,24,46,50,51,52,56,2013-06-29
14-34-46-47-56-57,2016,6,14,34,46,47,56,57,2016-06-29
6-33-36-46-49-53,1996,7,6,33,36,46,49,53,1996-07-29
8-40-41-44-53-56,2000,7,8,40,41,44,53,56,2000-07-29
5-8-17-35-37-48,2006,7,5,8,17,35,37,48,2006-07-29
10-16-21-23-27-36,2009,7,10,16,21,23,27,36,2009-07-29
4-6-19-20-40-41,2015,7,4,6,19,20,40,41,2015-07-29
13-29-38-42-49-53,1998,8,13,29,38,42,49,53,1998-08-29
5-16-17-18-22-41,2001,8,5,16,17,18,22,41,2001-08-29
7-21-22-43-46-57,2007,8,7,21,22,43,46,57,2007-08-29
2-3-6-35-49-58,2009,8,2,3,6,35,49,58,2009-08-29
2-11-16-18-36-45,2012,8,2,11,16,18,36,45,2012-08-29
5-8-42-50-51-59,2015,8,5,8,42,50,51,59,2015-08-29
7-14-15-29-38-50,1996,9,7,14,15,29,38,50,1996-09-29
24-27-28-38-41-57,2001,9,24,27,28,38,41,57,2001-09-29
7-13-38-46-55-60,2004,9,7,13,38,46,55,60,2004-09-29
7-14-24-29-35-39,2007,9,7,14,24,29,35,39,2007-09-29
10-23-29-31-33-46,2010,9,10,23,29,31,33,46,2010-09-29
9-12-22-39-48-60,2012,9,9,12,22,39,48,60,2012-09-29
28-32-33-34-35-55,2003,10,28,32,33,34,35,55,2003-10-29
5-25-34-39-46-49,2005,10,5,25,34,39,46,49,2005-10-29
6-19-31-34-51-56,2008,10,6,19,31,34,51,56,2008-10-29
3-5-13-24-35-59,2011,10,3,5,13,24,35,59,2011-10-29
15-16-18-20-22-48,2014,10,15,16,18,20,22,48,2014-10-29
5-8-10-15-18-44,2003,11,5,8,10,15,18,44,2003-11-29
10-17-21-32-45-46,2006,11,10,17,21,32,45,46,2006-11-29
6-10-17-33-51-53,2008,11,6,10,17,33,51,53,2008-11-29
7-10-14-37-45-54,2014,11,7,10,14,37,45,54,2014-11-29
2-6-17-25-26-58,1996,12,2,6,17,25,26,58,1996-12-29
1-3-4-21-23-53,2001,12,1,3,4,21,23,53,2001-12-29
1-13-19-45-56-58,2004,12,1,13,19,45,56,58,2004-12-29
5-12-15-29-51-58,1999,1,5,12,15,29,51,58,1999-01-30
4-27-35-44-52-53,2002,1,4,27,35,44,52,53,2002-01-30
6-19-23-37-49-50,2008,1,6,19,23,37,49,50,2008-01-30
7-8-23-36-46-54,2010,1,7,8,23,36,46,54,2010-01-30
2-24-32-50-54-59,2013,1,2,24,32,50,54,59,2013-01-30
5-11-27-41-42-54,2016,1,5,11,27,41,42,54,2016-01-30
2-7-20-35-51-59,1997,3,2,7,20,35,51,59,1997-03-30
8-9-28-32-38-54,2002,3,8,9,28,32,38,54,2002-03-30
26-28-39-45-48-60,2005,3,26,28,39,45,48,60,2005-03-30
5-9-24-31-33-42,2011,3,5,9,24,31,33,42,2011-03-30
17-27-28-40-44-55,2013,3,17,27,28,40,44,55,2013-03-30
20-21-28-48-50-59,2016,3,20,21,28,48,50,59,2016-03-30
13-24-32-34-43-53,2003,4,13,24,32,34,43,53,2003-04-30
5-11-38-46-53-54,2005,4,5,11,38,46,53,54,2005-04-30
5-30-36-39-57-58,2008,4,5,30,36,39,57,58,2008-04-30
2-3-12-16-37-47,2010,4,2,3,12,16,37,47,2010-04-30
8-14-29-35-36-40,2011,4,8,14,29,35,36,40,2011-04-30
2-5-8-42-46-59,2014,4,2,5,8,42,46,59,2014-04-30
9-11-13-15-19-51,2016,4,9,11,13,15,19,51,2016-04-30
20-25-27-33-42-53,1998,5,20,25,27,33,42,53,1998-05-30
1-5-10-17-47-58,2007,5,1,5,10,17,47,58,2007-05-30
3-6-34-41-43-45,2009,5,3,6,34,41,43,45,2009-05-30
4-18-24-28-39-44,2012,5,4,18,24,28,39,44,2012-05-30
7-19-30-35-42-47,2015,5,7,19,30,35,42,47,2015-05-30
10-15-18-22-31-55,2001,6,10,15,18,22,31,55,2001-06-30
7-8-18-39-43-52,2004,6,7,8,18,39,43,52,2004-06-30
25-30-37-46-49-51,2007,6,25,30,37,46,49,51,2007-06-30
17-20-49-52-57-59,2010,6,17,20,49,52,57,59,2010-06-30
2-9-10-21-27-38,2012,6,2,9,10,21,27,38,2012-06-30
17-18-19-38-49-53,2003,7,17,18,19,38,49,53,2003-07-30
4-5-15-26-33-54,2005,7,4,5,15,26,33,54,2005-07-30
8-9-15-38-41-60,2008,7,8,9,15,38,41,60,2008-07-30
3-5-11-36-44-46,2011,7,3,5,11,36,44,46,2011-07-30
10-22-24-38-39-49,2014,7,10,22,24,38,39,49,2014-07-30
16-18-22-24-34-43,2016,7,16,18,22,24,34,43,2016-07-30
3-18-20-24-42-54,2003,8,3,18,20,24,42,54,2003-08-30
3-38-42-47-55-56,2006,8,3,38,42,47,55,56,2006-08-30
29-38-39-49-53-58,2008,8,29,38,39,49,53,58,2008-08-30
4-29-44-47-48-60,2014,8,4,29,44,47,48,60,2014-08-30
6-21-33-44-46-47,2000,9,6,21,33,44,46,47,2000-09-30
3-5-10-21-28-57,2006,9,3,5,10,21,28,57,2006-09-30
3-6-29-36-47-59,2009,9,3,6,29,36,47,59,2009-09-30
6-18-37-40-41-58,2015,9,6,18,37,40,41,58,2015-09-30
18-25-26-31-34-49,2002,10,18,25,26,31,34,49,2002-10-30
16-21-22-33-48-49,2004,10,16,21,22,33,48,49,2004-10-30
4-28-30-31-35-54,2010,10,4,28,30,31,35,54,2010-10-30
7-15-20-23-30-41,2013,10,7,15,20,23,30,41,2013-10-30
2-4-10-35-39-60,1997,11,2,4,10,35,39,60,1997-11-30
8-15-32-45-49-52,2002,11,8,15,32,45,49,52,2002-11-30
7-21-33-35-39-58,2005,11,7,21,33,35,39,58,2005-11-30
1-11-20-37-40-52,2011,11,1,11,20,37,40,52,2011-11-30
7-18-24-26-39-46,2013,11,7,18,24,26,39,46,2013-11-30
4-17-26-32-51-54,2000,12,4,17,26,32,51,54,2000-12-30
3-8-23-31-48-57,2004,1,3,8,23,31,48,57,2004-01-31
9-23-30-38-44-47,2007,1,9,23,30,38,44,47,2007-01-31
10-11-13-35-39-58,2009,1,10,11,13,35,39,58,2009-01-31
22-30-42-50-58-59,2015,1,22,30,42,50,58,59,2015-01-31
7-16-34-41-50-53,2001,3,7,16,34,41,50,53,2001-03-31
16-17-38-39-45-56,2004,3,16,17,38,39,45,56,2004-03-31
3-17-24-25-27-44,2007,3,3,17,24,25,27,44,2007-03-31
22-28-30-31-35-54,2010,3,22,28,30,31,35,54,2010-03-31
9-11-21-49-53-54,2012,3,9,11,21,49,53,54,2012-03-31
8-18-21-22-38-60,2003,5,8,18,21,22,38,60,2003-05-31
4-8-30-33-37-59,2006,5,4,8,30,33,37,59,2006-05-31
12-16-20-31-38-45,2008,5,12,16,20,31,38,45,2008-05-31
2-21-24-27-40-51,2014,5,2,21,24,27,40,51,2014-05-31
5-15-19-26-27-33,1999,7,5,15,19,26,27,33,1999-07-31
14-22-48-50-53-56,2002,7,14,22,48,50,53,56,2002-07-31
12-24-33-36-39-57,2004,7,12,24,33,36,39,57,2004-07-31
28-32-36-49-55-60,2010,7,28,32,36,49,55,60,2010-07-31
4-18-20-34-45-60,2013,7,4,18,20,34,45,60,2013-07-31
12-22-25-31-32-46,1997,8,12,22,25,31,32,46,1997-08-31
15-23-31-39-47-49,2002,8,15,23,31,39,47,49,2002-08-31
6-11-13-21-40-52,2005,8,6,11,13,21,40,52,2005-08-31
1-27-29-38-50-52,2011,8,1,27,29,38,50,52,2011-08-31
10-16-28-47-51-59,2013,8,10,16,28,47,51,59,2013-08-31
13-17-29-45-49-50,2016,8,13,17,29,45,49,50,2016-08-31
3-13-26-27-41-42,1998,10,3,13,26,27,41,42,1998-10-31
1-3-5-23-41-58,1999,10,1,3,5,23,41,58,1999-10-31
4-11-25-39-50-55,2001,10,4,11,25,39,50,55,2001-10-31
17-20-26-28-48-49,2007,10,17,20,26,28,48,49,2007-10-31
26-44-46-49-55-56,2009,10,26,44,46,49,55,56,2009-10-31
7-14-31-33-36-49,2012,10,7,14,31,33,36,49,2012-10-31
6-13-14-28-35-45,2015,10,6,13,14,28,35,45,2015-10-31
32-35-41-55-58-59,1998,12,32,35,41,55,58,59,1998-12-31
12-15-19-34-44-51,1999,12,12,15,19,34,44,51,1999-12-31
3-9-35-37-41-49,2005,12,3,9,35,37,41,49,2005-12-31
10-14-32-47-50-56,2006,12,10,14,32,47,50,56,2006-12-31
7-17-19-34-36-39,2007,12,7,17,19,34,36,39,2007-12-31
1-11-26-51-59-60,2008,12,1,11,26,51,59,60,2008-12-31
10-27-40-46-49-58,2009,12,10,27,40,46,49,58,2009-12-31
2-10-34-37-43-50,2010,12,2,10,34,37,43,50,2010-12-31
3-4-29-36-45-55,2011,12,3,4,29,36,45,55,2011-12-31
14-32-33-36-41-52,2012,12,14,32,33,36,41,52,2012-12-31
20-30-36-38-47-53,2013,12,20,30,36,38,47,53,2013-12-31
1-5-11-16-20-56,2014,12,1,5,11,16,20,56,2014-12-31
2-18-31-42-51-56,2015,12,2,18,31,42,51,56,2015-12-31
